headwordregularized	letter	definition	author	authorregularized	title	titleregularized	book	passage	citation	lengthcit	lengthdef	headwordcount	headword
ADVORSUM	A		M. Tullius	M. Tullius	de Finibus Bonorum et Malorum	de Finibus Bonorum et Malorum	3	73	'nec vero pietas advorsum deos nec quanta is gratia debeatui' sine explicatione naturae intellegi potest'.	106		8	
ANIMA	A		M. Tullius	M. Tullius	de Republica	de Republica	1	60	'ergo non probares, si consilio pulso lubidines, quae sunt innumerabiles,  iracundiaeque tenerent omnia'.'ego vero nihil isto animo, nihil ita animato homine miserius ducerem'.	176		23	
ANIMA	A		idemque	M. Tullius	de Republica	de Republica	5	9	tum virtute, labore, industria tueretur summi viri indolem, nisi nimis animose   ferox natura illum nescio quo'.	112		23	
APTUM	A	necessariam.	M. Tullius	M. Tullius	de Republica	de Republica	4	1	"""ea denique obiectu mutuo aeque umbram noc temque efficiat, cum ad numerum dierum aptam, tum ad laborum quietem'."	113	12	16	APTAM
APTUM	A	eleganter ac necessaiie conpositnm.	M. Tullius	M. Tullius	de Officiis	de Officiis	1	98	'ut enim pulcritudo corporis apta conpositione membrorum movet oculos et delectat'.	83	35	16	Aptum
APTUM	A		M. Tullius	M. Tullius	de Deorum Natura	de Deorum Natura	2	97	'quis enim hunc bominem dixerit qui, cum tam certos caeli motus, tam statos astromm ordines, tamque inter se omnia conexa et apta viderit, neget in his ullam inesse rationem?'	175		16	
APTUM	A		M. Tullius	M. Tullius	in Hortensio	Hortensius	N/A	52	'altera est nexa cum superiore et inde apta atque pendens'.	59		16	
APTUM	A		et	M. Tullius	Tusculanarum	Tusculanarum	5	62	''fulgentem gladium e lacunari seta equi  aptum demitti iussit'.	64		16	
AEQUALES	A		M. Tullius	M. Tullius	de Officiis	de Officiis	3	(l	'P. Scipionem, Marce fili, eum qui primus Africanus appellatus sit, dicere solitum scripsit Cato, qui fuit fere eius aequalis'.	127		8	
AEQUALES	A		et	M. Tullius	de Senectute	de Senectute	N/A	46	'ego vero propter sermonis delectationem temperius quoque conviviis delector, nec cmn aequalibus solum, qui pauci admodum restant, sed cum vestra etiam aetate'.	160		8	
APERTUM	A		M. Tullius	M. Tullius	de Officiis	de Officiis	1	129	Verentur enim ne, siquo casu evenerit ut corporis partes quaedam aperiantur, aspiciantur non decore'.	101		10	
ADITUS	A		M. Tullius	M. Tullius	de suppliciis	de suppliciis	2.5	30	4n ipso aditu atque ore portus'.	32		7	
ADITUS	A		M. Tullius	M. Tullius	ad Caesarem iuniorem	ad Caesarem iuniorem	1	(fr. l	'et aut ad consules aut ad te aut ad Brutum adissent, his fraudi ne esset, quod cum Antonio fuissent'.	102		7	
ADTENDERE	A	est intendere.	M. Tullius	M. Tullius	de Officiis	de Officiis	2	35	'et si, cum animum adtenderis, turpitudinem ideas adiunctam'.	61	14	7	ADTENDERE
APPELLARE	A	nominare.	M. Tullius	M. Tullius	de Officiis	de Officiis	3	1	'Publium Scipionem, Marce fili, eum qui primus Africanus appellatus sit'.	73	9	2	APPELLARE
AEMULUS	A	est sectator vel imitator.	M. Tullius	M. Tullius	pro Marco Marcello	pro Marco Marcello	N/A	2	'illo aemulo atque imitatore studiorum meorum ac laborum'.	58	26	4	Aemulus
AEMULUS	A	similitudinem vitae vel instituti sequens.	M. Tullius	M. Tullius	de Republica	de Republica	1	50	quando?''qui enim iudicatur iste optimus? doctrina, artibus, studiis? audio.	76	42	4	Aemulus
ACCIPERE	A	tractareincrepare.	M. Tullius	M. Tullius	Verrinarum actione II	Verr Act 2	1	140	'male accipit verbis Habonium'.	31	18	10	Accipere
ACCIPERE	A		et	M. Tullius	ad Caesarem iuniorem	ad Caesarem iuniorem	1	(fr. 2	'roga ipsum, quemadmodum eum ego Arimini acceperim'.	52		10	
ACRE	A	austerum, acidum, asperum, acerbum.	M. Tullius	M. Tullius	in Hortensio	Hortensius	N/A	89	Quod alterius ingenium sicut acetum Aegyptium, alterius sic acre ut mel Hymettium dicimus'.	91	35	14	Acre
ACRE	A	severum.	M. Tullius	M. Tullius	de Officiis	de Officiis	1	114	"""suum quisque igitur noscat ingenium acremque se et bonorum et malorum suorum iudicem praebeat'."	96	8	14	Acre
ACRE	A		idem	M. Tullius	eodem	de Officiis	1	136	'utendum est fortasse vocis contentione maiore et verborum gravitate acriore'.	78		14	
ACRE	A		Cicero	Cicero	Tusculanarum	Tusculanarum	5	57	4n rebus gerundis virum acrem et industrium, eundem tamen maleficum natura'.	76		14	
ACRE	A	vehemens, saevum.	M. Tullius	M. Tullius	in Hortensio	Hortensius	N/A	25	'aut Philisto brevius aut Theopompo acrius'.	44	17	14	Acre
ACRE	A		M. Tullius	M. Tullius	Verrinarum actione II de signis	de signis	4	70	'multo acrior, quam ego siim, actor accusatorqiie esse deberes'.	64		14	
ADMONERE	A	est conmonefaccre.	M. Tullius	M. Tullius	in Verrem, de signis	de signis	2.4	5	Polycletum esse dicebant'.'recte admones.	41	18	2	ADMONERE
ALUMNUM	A		M. Tullius	M. Tullius	in Verrem, de suppliciis	de suppliciis	2.5	169	'ltalia autem alumnum suum servitutis extremo summoque supplicio fixum videret'.	80		4	
AGERE	A	porrigere.	M. Tullius	M. Tullius	de Officiis	de Officiis	2	43	Vera gloria radices agit atquc etiam propagatur'.	49	10	8	Agere
AGERE	A	urguere, inpellere.	M. Tullius	M. Tullius	in Verrem actione II	Verr Act 2	1	7	'agunt eum praecipitem poenae civium Romanorum '.	49	19	8	Agere
ACCOMMODATUM	A		M. Tullius	M. Tullius	in Verrem, in Frumentaria	Frumentaria Verrinarum	N/A	11, m, 60	'flagitia lubidinisque accommodat'.	35		6	
ACCOMMODATUM	A		M. Tullius	M. Tullius	de Officiis	de Officiis	1	70	'qui se ad rem publicam et ad magnas res gerendas adcommodaverunt'.	67		6	
ACCOMMODATUM	A		et	M. Tullius	de Republica	de Republica	1	70	'expositamque ad exemplum nostrae rei publicae adcommodabo ad eam, si  potero, omnem illam orationem, quae est mihi habenda de optimo civitatis statu'.	151		6	
ACCOMMODATUM	A	proclive, propensum.	M. Tullius	M. Tullius	in Verrem actione II	Verr Act 2	1	63	Hunc praeterea maxime sedati et quieti, prope praeter ceteros, ad summum Graecorum otium potius quam ad  ullam vim aut tumultum accommodati'.	141	20	6	Accommodatum
ACCOMMODARE	A	adhibere.	M. Tullius	M. Tullius	de Officiis	de Officiis	3	43	Hantum dabit amicitiae, ut veram amici causam esse malit, ut orandae litis tempus, quoad per leges liceat, adcommodet'.	119	9	2	Accommodare
ACCOMMODARE	A		et	M. Tullius	de Senectute	de Senectute	N/A	70	'ceterum j* et tempora me tendis frugibus et percipiendis adcommodata sunt'.	76		2	
ADDUCERE	A	cogi.	M. Tullius	M. Tullius	de Senectute	de Senectute	N/A	34	'nullo imbri, nullo frigore adduci, ut capite operto sit'.	58	5	1	Adduci
CONMITTERE	C	donarerelinquere.	M. Tullius	M. Tullius	in Verrem actione II	Verr Act 2	1	27	calumniatores ex sinu suo obposuit qui illam bereditatem Veneri Erycinae conmissam esse  dicerent'.	99	17	14	Conmittere
CONMITTERE	C	facere.	M. Tullius	M. Tullius	in Verrem actione I	in Divinatione	Div.	35	'ego etiam quae tu sine Verre eonmisisti Verri crimini daturus sum'.	68	7	14	Conmittere
CONMITTERE	C		M. Tullius	M. Tullius	de Officiis	de Officiis	2	2	'quamdiu res publica per eos gerebatur quibus se ipsa conmiserat'.	66		14	
CEDERE	C		M. Tullius	M. Tullius	de Officiis	de Officiis	2	40	'cui quidem exercitus nostri imperatoresque cesserunt'.	55		13	
CURSUS	C		M. Tullius	M. Tullius	de Officiis	de Officiis	3	50	'tiavisque cursu, frumento onustas, petentis Rhodum viderit'.	61		4	
CASTIGARE	C		Cicero	Cicero	de Oratore	de Oratore	1	185	'et quoniam de  inprudentia diximus, castigemus etiam segnitatem'.	66		6	
CASTIGARE	C		et	Cicero	Tusculanarum	Tusculanarum	5	4	"""^sed in hoc me ipse castigo, quod ex aliorum et ex nostra fortasse mollitia, non ex ipsa virtute, de virtutis robore existimo'."	128		6	
CUNCTARI	C		M. Tullius	M. Tullius	ad Caesarem iuniorem	ad Caesarem iuniorem	1	(fr. 3)	'sed cito paenituit, domumque rediit; ceteri cunctabantur.'	59		5	
CAPERE	C		M. Tullius	M. Tullius	in Verrem, de suppliciis	de suppliciis	2.5	63	'non ceperunt, sed abduxerunt onere suo plane captam atque depressam'.	70		37	
CAPERE	C	delectare.	M. Tullius	M. Tullius	de Officiis	de Officiis	3	15	^quod insit aliquid probi, quod capiat ignaros'.	48	10	37	Capere
CAPERE	C		M. Tullius	M. Tullius	in Philippicis	Philippics	1	33	"""^non possum  adduci ut suspicer te pecunia captum'."	52		37	
CAPERE	C		M. Tullius	M. Tullius	de signis	de signis	N/A	(in Verr. II, iv, 7	4ot domus locupletissimas domus istius una capiet?'	51		37	
CAPERE	C		M. Tullius	M. Tullius	in Hortensio	Hortensius	N/A	63	'captum me fortasse, inquit, putas et id, quod nollem, confiteri coactum'.	74		37	
CAPERE	C		M. Tullius	M. Tullius	in Verrem, de suppliciis	de suppliciis	N/A	11, v, 63	'navem quandam piratarum, praeda refertam, non ceperunt, sed abduxerunt'.	73		37	
CAPERE	C		M. Tullius	M. Tullius	in Hortensio	Hortensius	N/A	51	'deinde boni mores et modestiores et ad capienda praecepta molliores'.	70		37	
CAPERE	C		M. Tullius	M. Tullius	in Verrem actione II	Verr Act 2	1	140	'reiecti a  Chelidone capiunt consilium necessarium'.	53		37	
CAPERE	C		et	M. Tullius	de Officiis	de Officiis	3	40) :	'cum autem consilium hoc principes cepissent'.	46		37	
CREPARE	C		M. Tullius	M. Tullius	in Verrem, de suppliciis	de suppliciis	2.5	31	'locmn illum litoris percrepare totum muliebribus vocibus cantuque  symphoniae'.	80		13	
CREPARE	C		M. Tullius	M. Tullius	de Officiis	de Officiis	3	75	'itaque si vir bonus habeat hanc vim ut, si digitis concrepuerit, possit in locupletium testamenta nomen eius inrepere'.	120		13	
CONPARARE	C	adaequare.	M. Tullius	M. Tullius	ad Caesarem iuniorem	ad Caesarem iuniorem	1	(fr. 4	'neminem tibi profecto hominem ex omnibus aut anteposuissem umquam aut etiam conparassem'.	90	10	18	Conparare
CONPARARE	C		M. Tullius	M. Tullius	de Republica	de Republica	6	(l	'quam ob rem se conparet hic civis ita necesse est, ut sit contra haec, quae statum civitatis permovent, semper armatus'.	121		18	
CONPARARE	C		Cicero	Cicero	de Finibus Bonorum et Malorum	de Finibus Bonorum et Malorum	5	86	*omnis auctoritas philosophiae consistit in beata vita comparanda'.	67		18	
CONPARARE	C	adparare.	M. Tullius	M. Tullius	in Verrem actione II	Verr Act 2	1	65	'ut erat inter suos copiosus, convivium conparat'.	50	9	18	Conparare
CONPARARE	C	dare.	M. Tullius	M. Tullius	in Verrem, de suppliciis	de suppliciis	2.5	118	'ex omni gemitu ac dolore certa merces conparabatur'.	53	5	18	Conparare
CONPONERE	C		M. Tullius	M. Tullius	de Officiis	de Officiis	3	80	'atque quod communiter conpositum fuerat solus edixit'.	55		21	
CONPONERE	C	colligere.	M. Tullius	M. Tullius	in Verrinis, in Divinatione	in Divinatione	N/A	47	'si ab isto libro, quem tibi magister ludi nescio qui ex alienis orationibus conpositum dedit'.	95	10	21	Conponere
CONTENDERE	C		M. Tullius	M. Tullius	in Verrinis, actione II	Verr Act 2	1	67	"""^haec ubi filio nuntiata sunt, statim exanimatus ad aedis contendit,  ut et vitae patris et pudicitiae sororis succurreret'."	125		24	
CONTENDERE	C	intendere.	M. Tullius	M. Tullius	in Hortensio	Hortensius	N/A	29	Magna etiam animi contentio adhibenda est in explicando Aristotele, si legas'.	78	10	24	Contendere
CONTENDERE	C		Cicero	Cicero	Tusculanarum	Tusculanarum	2	54	'ut onera contentis corporibus facilius feruntur, remissis  obprimunt'.	71		24	
CONTENTIO	C	est perseverantia vel elatio.	M. Tullius	M. Tullius	de Officiis	de Officiis	1	146	'ex contentione vocis et summissione et ceteris similibus facile iudicabimus '.	79	29	2	contentio
CONTENDERE	C	certare.	M. Tullius	M. Tullius	de Officiis	de Officiis	1	87	'misemma omniuo ambitio est honorumque contentio'.	50	8	24	Contendere
CONTENDERE	C	continuare.	Cicero	Cicero	de Oratore	de Oratore	1	261	'id quod eius scripta declarant, et contentiones vocis et remissiones  continerentur'.	86	11	24	Aequare
CONTENDERE	C		et	Cicero	de Oratore	de Oratore	3	224	'nihil perniciosius quam ecfusa sine intermissione contentio'.	62		24	
CONTENDERE	C	iterum significat extorquere.	Cicero	Cicero	in epistula Cassi	in epistula Cassi	N/A	(^ad Fam. XV, 14, 5	'hoc a te ita contendo, ut in eo fortunas meas positas putem'.	62	29	24	Contendere
CONTENDERE	C		M. Tullius	M. Tullius	de Officiis	de Officiis	2	71	'extremumautem praeceptum in beneficiis operaque danda, nequid  contra aequitatem contendas'.	93		24	
CONTENDERE	C		M. Tullius	M. Tullius	de Republica	de Republica	1	16	'sed audisse te credo, Tubero, Platonem Socrate mortuo primum in Aegyptum discendi causa, post in Italiam contendisse.	118		8	
CONFIDENTIA	C	constantia.	M. Tullius	M. Tullius	de Republica	de Republica	3	42	"""^duas sibi res, quominus in vulgus et in  foro diceret, confidentiam et vocem, defuisse'."	90	11	14	Confidentia
CALVMNIA	C	est malitiosa et mendax infamatio. C a  u m n i a rursum calliditas.	M. Tullius	M. Tullius	de Republica	de Republica	3	9	'ut Carneadi respondentis, qui saepe optimas causas ingenii calmnnia ludificari solet'.	87	68	1	CALVMNiA
CALIDUM	C	ferox et incousultum.	M. Tullius	M. Tullius	de Officiis	de Officiis	1	82	'sic reperias multos, quibus periculosa et calida consilia'.	60	21	2	Calidum
CONTENTUM	C		M. Tullius	M. Tullius	ad Brutum	ad Brutum	N/A	(fr.5	'sic igitur facies et me aut amabis aut, quod contentus sum, diliges'.	70		5	
CONTENTUM	C		idem	M. Tullius	de Officiis	de Officiis	2	43	'[in] brevitatis causa familia contenti erimus una'.	52		5	
CONTENTUM	C	continuum, perseverans.	Cicero	Cicero	Tusculanarum	Tusculanarum	5	97	ferunt, cum usque ad vesperum contentius ambularet quaesitumque esset ex eo, cur id faceret'.'Socraten.	103	23	4	Contentum
COGERE	C	est urguere.	M. Tullius	M. Tullius	de Officiis	de Officiis	3	55	'<num te emere coegit, qui ne hortatus  quidem est?»''Diogenes contra	69	12	12	Cogere
COGERE	C		Cicero	Cicero	Tusculanarum	Tusculanarum	1	43	'caelum hoc, in quo nubes, imbres ventique coguntur'.	53		12	
COGERE	C		M. Tullius	M. Tullius	ad M. Catonem	ad M. Catonem	N/A	(ad Fam. XV, iv 2	:coactoque in unum exercitu castra in Lycaonia aput Iconium faceret'.	69		12	
CITARE	C	est vocare.	M. Tullius	M. Tullius	in Verrem II	Verr Act 2	2	98	'citat reum: non respondit; citat accusatorem'.	47	11	3	Citare
CITARE	C	incitare, provocare.	M. Tullius	M. Tullius	de Divinatione	de Divinatione	2	5	'quorum studio legendi non scribendi studium vehementius in dies citant?'	73	20	3	Citare
CITARE	C	laudare.	M. Tullius	M. Tullius	de Officiis	de Officiis	1	75	^citeturque Salamis clarissimae victoriae, quae anteponatur consilio Solonis'.	78	8	3	Citare
CADERE	C	evenire.	M. Tullius	M. Tullius	de Officiis	de Officiis	3	14	'et, ut idem dicunt, omnes numeros habet nec praeter sapientem cadere in quemquam potest'.	90	8	3	Cadere
CANDET	C	ignitum est.	M. Tullius	M. Tullius	de Officiis	de Officiis	2	25	'candenti carbone adurebat capillum'.	37	12	3	CANDET
CONTINGERE	C	evenire.	M. Tullius	M. Tullius	Tusculanarum	Tusculanarum	5	15	quod non modo singulis hominibus, sed potentissimis populis saepe contigit'.	76	8	3	Cadere
CONFERRE	C	significationem habet manifestam.	M. Tullius	M. Tullius	de Officiis	de Officiis	2	2	'omnis meas curas cogitationes que in eam conferebam'.	54	33	5	Conferre
CONFERRE	C	conparare.	M. Tullius	M. Tullius	de Officiis	de Officiis	2	6	'quae conferri cum eorum studiis potest?'	41	10	5	Conferre
CONFERRE	C	trasferre.	M. Tullius	M. Tullius	de Officiis	de Officiis	2	6	'ad hoc nos studium potissimum contulissemus'.	46	10	5	Conferre
CONFECTUM	C		M. Tullius	M. Tullius	de suppliciis	de suppliciis	N/A	(in Verr. II, v, 140	'plagis confectum dico a lictoribus tuis civem Romanum ante oculos tuos concidisse'.	84		5	
CONFECTUM	C		M. Tullius	M. Tullius	de Officiis	de Officiis	2	2	'nec me angoribus dedidi, quibus eram confectus'.	49		5	
CONFICERE	C		M. Tullius	M. Tullius	ad Caesarem iuniorem	ad Caesarem iuniorem	1	(fr. 5	'in singulas tegulas inpositis [sescenti] sescenties confici posse'.	68		13	
CONFICERE	C		et	M. Tullius	in Verrem actione II	Verr Act 2	1	138	'permagnam eum  dicere ex illa re pecuniam confici posse'.	58		13	
CONFICERE	C		M. Tullius	M. Tullius	in Hortensio	Hortensius	N/A	88	'ea facultas maioribus nostris erat, qui confectis senatusconsultis'.	69		13	
CONFICERE	C		et	M. Tullius	Tusculanarum	Tusculanarum	1	22	'nihil est enim apud istos, quod non eorum turba conficiat'.	60		13	
CONFICERE	C	explicare.	M. Tullius	M. Tullius	de Officiis	de Officiis	2	9	'honestatis pars confecta    est, quam tibi cupio esse notissimam'.	67	10	13	Conficere
CONFICERE	C		M. Tullius	M. Tullius	ad Caesarem iuniorem	ad Caesarem iuniorem	1	(fr. 6	M^ellum, ut opinio mea fert, consensu civitatis confectum iam habere mus'.	74		13	
CONFICERE	C		M. Tullius	M. Tullius	in Hortensio	Hortensius	N/A	81	'Quae est enim confectio valitudinis, quae deformatio corporis?'	64		13	
CONCEDERE	C	dare vel permittere.	M. Tullius	M. Tullius	in Verrem actione I	in Divinatione	Div.	23	'da mihi hoc; concede, quod facile est'.	40	20	11	Concedere
CONCEDERE	C		M. Tullius	M. Tullius	de Officiis	de Officiis	3	39	'si negent, omnia  turpia per se ipsa fugienda esse concedant'.	63		11	
CONCEDERE	C		Cicero	Cicero	Tusculanarum	Tusculanarum	4	63	'ut cum magnitudine medicinae doloris magnitudo concederet'.	60		11	
CONSEQUI	C		M. Tullius	M. Tullius	de Officiis	de Officiis	3	4	'ex quo intellegi debet illum mentis agitatione mvestigationeque earum rerum quas cogitando consequebatur neque otiosum nec solum umquam fuisse'.	145		3	
CONSEQUI	C	adipisci.	M. Tullius	M. Tullius	Epistola ad Caesarem	ad Caesarem	1	(l	'tunc cum ea, quae	18	9	3	Consequi
CONSTITUERE	C	, INSTITUERE.]	M. Tullius	M. Tullius	de Senectute	de Senectute	N/A	54	*non consitiones modo delectant, sed etiam insitiones'.	55	14	1	
CONVENIRE	C	, aptum esse.	M. Tullius	M. Tullius	in Hortensio	Hortensius	N/A	57	'nam quod vereris, ne non conveniat nostris aetatibus ista oratio, quae spectet ad bortandum'.	94	13	13	Convenire
CONVENIRE	C	videre.	M. Tullius	M. Tullius	de Senectute	de Senectute	N/A	83	*neque vero eos solum convenire aveo quos ipse cognovi, sed illos etiam de quibus audivi et legi et ipse con scripsi'.	118	7	13	Accipere
CONVENIRE	C		M. Tullius	M. Tullius	in Philippicis	Philippics	3	5	'cui quidem  hodierno die, patres conscripti, nunc enim primum ita convenimus'.	79		13	
CONVENIRE	C		M. Tullius	M. Tullius	de Finibus Bonorum et Malorum	de Finibus Bonorum et Malorum	5	86	'vivendi cupiditate incensi omnes sumus; atque hoc mihi cum tuo fratre convenit'.	81		13	
CONVENIRE	C	interpellare.	M. Tullius	M. Tullius	in Verrem actione II	Verr Act 2	1	126	'non dubitat quin, si ipse Verrem convenisset, aequitate causae, auctoritate sua conmovere hominem posset'.	107	13	13	Ambire
CAEDERE	C		M. Tullius	M. Tullius	de suppliciis	de suppliciis	N/A	(in Verr. II, v, 162	'caedebatur virgis medio in foro Messanae civis Romanus'.	57		14	
CAEDERE	C		M. Tullius	M. Tullius	in Hortensio	Hortensius	N/A	58	'aut tibi id ipsum pervertendum fuit, quod tu ne attigisti quidem, aut eius partes quasi membra quaedam caedenda'.	114		14	
CAEDERE	C		M. Tullius	M. Tullius	in Verrem actione II	Verr Act 2	1	69	'caedere ianuam saxis, instare ferro'.	38		14	
CONSTAT	C		Cicero	Cicero	Tusculanarum	Tusculanarum	1	42	'animus; qui si est quattuor horum generum, unde omnia constare dicuntur'.	74		6	
CONSTITIT	C		Cicero	Cicero	Tusculanarum	Tusculanarum	1	37 = trag.inc.75	"ubi rigida constat crassa caligo mferum."""	41		4	
CONSTAT	C	, convenit,  manifestum est.	M. Tullius	M. Tullius	ad Caesarem iuniorem	ad Caesarem iuniorem	2	(fr. 19	'cum constet Caesarem Lupercis id vectigal dedisse. qui autem poterat id constare?'	83	28	6	Constat
CONSTAT	C		et	M. Tullius	Tusculanarum	Tusculanarum	1	40	quae cum constent'.'sive quod a gravioribus leviora natura repellantur.	71		6	
CONSTITUERE	C	retinerefirmare.	M. Tullius	M. Tullius	de Officiis	de Officiis	1	122	'ineuntis enim aetatis inscitia senum constituenda et regenda est prudentia'.	77	16	5	Constituere
CONSTITUERE	C	parare.	M. Tullius	M. Tullius	in Verrem actione II	Verr Act 2	1	65	'quod  ubi erat Philodamo nuntiatum, tametsi erat ignarus, quantum sibi ac liberis suis iam tum mali constitueretur'.	117	7	5	Constituere
COLLIGERE	C		M. Tullius	M. Tullius	in Philippicis	Philippics	6	7	"Bruto; omnes undique copiae colligendae '.""^succurrendum est D."	63		6	
COLLIGERE	C	reficere.	Cicero	Cicero	in Verrem actione II	Verr Act 2	2	48	'sed manifesto furto perturbatus ubi se collegit'.	50	9	6	Colligere
CONTINENS	C	est abstinens, integer.	M. Tullius	M. Tullius	ad M. Catonem	ad M. Catonem	N/A	(ad Fam. XV, 3, 2	"""^ut, quae copiis et  opibus ferre vix possumus, ea mansuetudine et continentia  nostra,sociorum fidelitate teneamus'."	118	23	3	CONTINENS
CONTINENS	C	coniunctum, continuum.	M. Tullius	M. Tullius	in epistula ad Senatum	in epistula ad Senatum	N/A	(ad Fam. XV, 2, 2	Itaque cum exercitu per Cappadociae partem eam, quae cum Cilicia continens est, iter  feci'.	92	22	3	CONTINENS
CONTINENS	C		et	M. Tullius	in Hortensio	Hortensius	N/A	87	'ne in continentibus quidem terris vestrum nomen dilatari potest'.	66		3	
CONDUCERE	C		M. Tullius	M. Tullius	de Officiis	de Officiis	3	101	'stulte? si  rei publicae conducebat? potest autem, quod rei publicae inutile sit, id cuiquam civi utile esse?'	111		7	
CONDUCERE	C		idem	M. Tullius	de Republica	de Republica	1	49	'facillimam autem in ea republica esse posse concordiam, in quaidem conducat omnibus'.	86		7	
CONMODARE	C		M. Tullius	M. Tullius	de Officiis	de Officiis	2	15	'atque ut dando et accipiendo mutuandisque facultatibus et conmodandis nulla re egeremus'.	90		3	
CONMODARE	C	cum conmodo dare.	M. Tullius	M. Tullius	ad filium	ad filium	2	2	'cui ego, quibuscumque rebus potero, libentissime conmodabo'.	61	17	3	CONMODARE
COGNOSCERE	C		M. Tullius	M. Tullius	in Hortensio	Hortensius	N/A	26	'unde autem facilius quam ex annalium monumentis aut bellicae res aut omnis  rei publicie disciplina cognoscitur?'	114		11	
COGNOSCERE	C		idem [et]	M. Tullius	de Senectute	de Senectute	N/A	83	'neque vero eos solum convenire aveo i quos ipse ^ognovi, sed illos etiam de quibus [et] audivi et legi et ipse conscripsi'.	124		11	
COGNOSCERE	C		M. Tullius	M. Tullius	de Republica	de Republica	1	(inc.4	'cognosce mebercule, in^uit, consuetudinem istam et studium sermonemque'.	73		11	
DAMNARE	D		M. Tullius	M. Tullius	in Verrem actione l	Verr Act 1	N/A	2	'reus in iudicium  adductus est Verres, homo vita atque factis omnium iam opinione damnatus'	92		12	
DAMNARE	D		Cicero	Cicero	Tusculanarum	Tusculanarum	5	4	'rerum naturam quam  errorem nostrum damnare malumus'.	54		12	
DELENITUS	D	delectatus.	M. Tullius	M. Tullius	ad Cassium	ad Cassium	1	(ad Fam. XV, 16, 3	'iam biennium est cum virtuti  nuntium remisisti, delenitus inlecebris voluptatis'.	83	11	7	Delenitus
DARE	D	exhibere.	M. Tullius	M. Tullius	de signis	de signis	N/A	(in Verr. II, iv, 48	'Gn. Pompeius est Philo,' qui fuit in Tvndaritano; cenam isti dabat aput villam'.	81	9	14	Dare
DARE	D	adscribere.	M. Tullius	M. Tullius	in Verrem, Divinatione	in Divinatione	N/A	35	'ego etiam quae tu sine Verre conmisisti, Verri crimini daturus sum'.	69	11	14	Dare
DEPONERE	D		M. Tullius	M. Tullius	de Officiis	de Officiis	2	4	'existimavi honestissime molestias posse deponi, si me ad philosophiam rettulissem'.	84		13	
DEPONERE	D		M. Tullius	M. Tullius	de Officiis	de Officiis	3	95	'ergo et promissa  non facienda nonnumquam neque semper deposita reddenda'.	75		13	
DEPONERE	D		M. Tullius	M. Tullius	in Verrem actione II	Verr Act 2	1	5	'itaque mihi videor, iudices, magnam et maxime aegram et prope de positam rei pubHcae partem suscepisse'.	105		13	
DICERE	D	destinare.	M. Tullius	M. Tullius	de Officiis	de Officiis	3	45	'et is qui morti addictus esset, paucos sibi dies con  mendandormn suorum causa postulavisset'.	95	10	13	Dicere
DICERE	D	dare.	M. Tullius	M. Tullius	de Officiis	de Officiis	2	69	'conmode autem, quicumque dixit pecuniam'.	42	5	13	Conparare
DIGNATUS	D		Cicero	Cicero	in Oratore	in Oratore	N/A	64	"""^quamquam enim omnis locutio oratio est, iamen unius oratoris locutio Jioc proprio dignata nomine est"	102		6	
DIGNATUS	D		idem	Cicero	de Oratore	de Oratore	3	25	'quae tamen consimili laude dignantur'.	39		6	
DOMINUS	D		M. Tullius	M. Tullius	in Verrem, in Frumentaria	Frumentaria Verrinarum	N/A	11, iii, 9	'ornariargento dominia vestra'.	31		9	
DISCRIMEN	D	divisio, separatio.	Cicero	Cicero	de Finibus Bonorum et Malorum	de Finibus Bonorum et Malorum	2	44	"""^homo et acutus et diligens Chrysippus non contemnit totumque discrimen  summi boni in earum conparatione positum putat'."	122	19	7	DisCRiMEN
DISCRIMEN	D		M. Tullius	M. Tullius	in Philippicis	Philippics	12	23	'Etruriam discriminat Cassia'.	30		7	
DUCERE	D	delectari vel avocari.	M. Tullius	M. Tullius	de Finibus Bonorum et Malorum	de Finibus Bonorum et Malorum	5	42	'dantque se ad luden dum fabellarumque  auditione ducuntur'.	60	22	1	DVCI
DUCERE	D	excitare.	M. Tullius	M. Tullius	in Verrem actione II	Verr Act 2	2	143	'quod siquem statuae magno opere delectant, siquis earum honore aut gloria ducitur'.	84	9	21	Ducere
DUCERE	D	inlicere, inducere.	M. Tullius	M. Tullius	de Officiis	de Officiis	2	21	'postremo pretio aut mercede ducuntur'.	39	19	21	Ducere
DUCERE	D		et	M. Tullius	de Senectute	de Senectute	N/A	26	'sic adulescentes senum praeceptis gaudent, quibus ad virtutum studia ducuntur'.	80		21	
DUCERE	D		M. Tullius	M. Tullius	in Verrem, in Divinatione	in Divinatione	N/A		"""^clarissimi viri nostrae civitatis temporibus optimis hoc sibi amplissimum pulcberrimumque ducebant'."			21	
DUCERE	D		M. Tullius	M. Tullius	de Officiis	de Officiis	3	96	'a quattuor fontibus bonestatis primo libro officia duximus'.	61		21	
DUCERE	D	trahere, differre.	M. Tullius	M. Tullius	ad Caesarem iuniorem	ad Caesarem iuniorem	1	(fr. 7	'neres duceretur, fecimus ut Hercules Antianus in aHum locum transferretur'.	76	18	21	Ducere
DUCERE	D		idem	M. Tullius	de Officiis	de Officiis	3	79	'aput populum Romanum criminatus est, bellum illum ducere'.	59		21	
DIFFERRE	D	distare.	M. Tullius	M. Tullius	in Verrem, Divinatione	in Divinatione	N/A	61	'ac vide, quid differat inter meam opinionem ac tuam'.	54	8	12	Differre
DIFFERRE	D		M. Tullius	M. Tullius	in Hortensio	Hortensius	N/A	37	'quantum inter se  bomines studentes moribus, omni vitae ratione differant'.	76		12	
DECERNERE	D	est coustituere , definire.	M. Tullius	M. Tullius	de Officiis	de Officiis	1	80	'quare expetenda quidem magis est decernendi ratio quam decertandi fortitudo'.	78	27	9	Decernere
DECERNERE	D		M. Tullius	M. Tullius	Philippicamm	Philippics	3	33	"""^quam ne serviamus animis armisque decernere'."	47		9	
DIMISSUM	D	abiectum.	M. Tullius	M. Tullius	de Officiis	de Officiis	1	115	'perspicuum est enim ea quae timido animo, bumili, dimisso fradoque fiant' * * * unus accipit, adfert dimissum, hiimile, miserandum, abiectum	141	9	4	DiMissvM
DIMISSUM	D		Cicero	Cicero	Tusculanarum	Tusculanarum	5	24	'non est ausus  elate et ample loqui, humiliter demisseque sentire'.	68		4	
DIMITTERE	D	permittere, in potestatem dare.	M. Tullius	M. Tullius	de Repub.	de Republica	1	62	Hum annui consules, tum dimissi populo fasces'.	47	31	4	Dimittere
DIMITTERE	D	est derelinquere.	M. Tullius	M. Tullius	ad Caesarem	ad Caesarem	3	9	'^quae si videres, non te exercitu retinendo tuereris, sed eo tradito aut dimisso'.	83	17	4	Dimittere
DISTRAHERE	D		M. Tullius	M. Tullius	in Philippicis	Philippics	2	23	'quid ego illum ab eo distraJiere conarer?	42		5	
DISTRAHERE	D		idem	M. Tullius	de Officiis	de Officiis	3	11	'qui primum haec natura cohaerentia opinione distraxissent'.	60		5	
DICARE	D	tradere.	M. Tullius	M. Tullius	Epistola ad Caesarem	ad Caesarem	1	(fr. 2	'Balbum quanti faciam quamque ei me totum dicaverim, ex ipso scies'.	68	8	4	Dicare
DETRAHERE	D	dicitur derogare.	M. Tullius	M. Tullius	de signis	de signis	N/A	(in Verr.II, iv, 53)	'et si quaeritis, ut ipse de me detraham, illos ego accussatores puto'.	71	17	7	Detrahere
DETRAHERE	D		M. Tullius	M. Tullius	in Verrem, in Frumentaria	Frumentaria Verrinarum	2.3	165	'postremo, sicui civitati solvit, tantum detraxit quantum conmodum fuit'.	73		7	
DETRAHERE	D		idem	M. Tullius	de Officiis	de Officiis	3	23	'numquam conmittet, ut alienum adpetat et id quod alteri detraxerit sibi adsumat'.	82		7	
DETRAHERE	D		et	M. Tullius	in Hortensio	Hortensius	N/A	68	'ut ea sibi ratio vera restituat, quae consuetudo vitiosa de traxerat'.	71		7	
DESPICERE	D	est pro nihilo habere.	M. Tullius	M. Tullius	in Verrem actione II	Verr Act 2	1	123	V^uem ad modimi tenuissimum quem- ue contempserit, despexerit, libemm esse numquam duxerit'.	92	22	5	DESPiCERE
DESPICERE	D		M. Tullius	M. Tullius	de Officiis	de Officiis	2	36	'despiciunt autem eos et condemnant, in quibus nihil virtutis, nihil animi, nihil nervorum putant'.	99		5	
DESPICERE	D		M. Tullius	M. Tullius	in Hortensio	Hortensius	N/A	69	* consolabitur eam magnitudo animi et humanarum opinionum alta quaedam despectio '.	83		5	
DEICERE	D	elidere.	M. Tullius	M. Tullius	ad Caesarem iuniorem	ad Caesarem iuniorem	2	(fr. 20	'de statua nescio cuius Clodi; quam  cum restitui iussisset j* ancone cum hero j* deiectam esse ex senatus consulto'.	117	8	6	DEiCERE
DEICERE	D	praecipitare.	M. Tullius	M. Tullius	in Verrem actione I	Verr Act 1	N/A	23	'si me aedilitate deiecissent'.	31	13	6	DEiCERE
DEICERE	D		M. Tullius	M. Tullius	in Philippicis	Philippics	1	1	'nec vero usquam discedeham nec a re publica deiciebam oculos '.	64		6	
DEDUCERE	D	vocare.	M. Tullius	M. Tullius	de Republica	de Republica	1	34	'quare, si placet, deduc orationem tuam de caelo ad haec citeriora'.	68	7	4	Deducere
DEDUCERE	D	depravare, transvertere a recto.	M. Tullius	M. Tullius	in Hortensio	Hortensius	N/A	70	'habet enim ipsa certam et definitam viam, et ex ea multis vitiis et erroribus depravata de ducitur'.	101	32	4	Deducere
DEPRECOR	D	amolior, depello, propulso.	M. Tullius	M. Tullius	de Republica	de Republica	6	2	'non modo invidia pari non erant, sed etiam Claudi invidiam Gracci caritas deprecabatur'.	89	27	2	DEPRECOR
DIVORTIUM	D	et rerum omnium separatio.	Cicero	Cicero	de Oratore	de Oratore	3	69 :	'sic e conmuni sapientiae iugo sunt doctrinarum facta divortia'.	64	26	2	DivoRTivM
EXIGERE	E	vi extorquere.	M. Tullius	M. Tullius	in Divinatione	in Divinatione	N/A	30	'et cum esset tritici modius sestertiis duobus, pro frumento in modios singulos duodenos sestertios exegisse'.	110	14	14	Exigere
EXIGERE	E		M. Tullius	M. Tullius	[in] Philipp.	Philippics	2	69	'claves ademit forasque exegit'.	32		14	
ELIDERE	E		Cicero	Cicero	Tusculanarum	Tusculanarum	5	16	'qui rebus his fractus aegritudine eliditur, potest tandem esse non miser?'	75		7	
ELIDERE	E	deicere.	M. Tullius	M. Tullius	de Republica	de Republica	2	68	'ut auriga indoctus e cuitu trahitur, opteritur, laniatur, eliditur'.	69	8	7	ELiDERE
EVADERE	E	fieri, produci.	M. Tullius	M. Tullius	Philippicarum	Philippics	2	18	"""^an verebare ne non putaremus natura te potuisse [non] inprobum evadere?"	73	15	10	Evadere
EXCIPERE	E		M. Tullius	M. Tullius	in Verrem, de suppliciis	de suppliciis	2.5	118	'filiorum suorum postremum spiritum ore excipere liceret'.	58		8	
EXCIPIT	E		M. Tullius	M. Tullius	ad Pompeium	ad Pompeium	4	(ad Att.Vni, xi,i), 2	'quod si esset, non modo iter meum interclusum, sed me ipsum plane exceptum putabam'.	85		3	
EXCIPIT	E		et	M. Tullius	rursum	ad Pompeium	N/A	(ib. 3	'admoniti sumus ut caveremus ne exciperemur a Caesare'.	55		3	
EXCIPERE	E	rursum extrahere.	M. Tullius	M. Tullius	de Republica	de Republica	4	8	'quod insepultos reliquissent eos, quos e mari propter vim tempestatis excipere non potuissent, innocentes necaverint'.	119	17	8	Excipere
EXCIPERE	E	captare.	Cicero	Cicero	de Oratore	de Oratore	2	32	'quaedam dari exacuta ad pertractandos animos hominum 50 et ad excipiendas eorum voluntates'.	93	8	8	Excipere
EXPLORARE	E		M. Tullius	M. Tullius	de Officiis	de Officiis	3	75	'hac vi non  utatur, ne si exploratum quidem habeat, id omnino neminem umquam suspicaturum'.	92		7	
EXPLORARE	E	probare.	M. Tullius	M. Tullius	in Verrem actione II	Verr Act 2	1	15	'tum in reliquis explorata atque provisa'.	42	8	7	Explorare
EXPLORARE	E		M. Tullius	M. Tullius	de Senectute	de Senectute	N/A	67	Vjuis est tam stultus, quam\is adulescens, cui sit exploratum se ad vesperum  esse victunim?	92		7	
EXERCERE	E	est exagitare vel conmovere.	M. Tullius	M. Tullius	de Officiis	de Officiis	1	88	'^exercenda etiam est facilitas et altitudo animi'.	51	28	9	Exercere
EXERCERE	E		Cicero	Cicero	Tusc.	Tusculanarum	5	3	'equidem eos casus, in quibus me fortuna vehementer exercuit'.	62		9	
EXPERIRI	E	scire.	M. Tullius	M. Tullius	Epistularum ad Brutum	ad Brutum	7	2	'his contraria atque parata, ut esse solet, expertus sum'.	58	6	8	Experiri
EXPEDIRE	E		M. Tullius	M. Tullius	de Officiis	de Officiis	2	68	'^saepe enim aut eos laedunt quos non debent aut eos quos non expedit'.	71		10	
EXPEDIRE	E		Tullius	M. Tullius	in Verrem actione II	Verr Act 2	2	106	'videte ut, dum expedire se vult, induat'.	42		10	
ECFERRE	E		M. Tullius	M. Tullius	in Hortensio	Hortensius	N/A	21	'praeter ceteros  nostra extulit civitas'.	42		6	
EFFERRE	E	extollere.	M. Tullius	M. Tullius	de signis	de signis	N/A	(in Verr. 11, iv, 124	'nimium forsitan haec illi mirentur atque ecferant'.	52	10	8	Efferre
EFFERRE	E		M. Tullius	M. Tullius	de Officiis	de Officiis	2	36	'itaque eos viros suspiciunt maximisque ecferunt laudibus'.	59		8	
EXCUTERE	E		M. Tullius	M. Tullius	de Officiis	de Officiis	3	81	'explica atque excute intellegentiam tuam'.	43		7	
EXCUTERE	E	eligere.	M. Tullius	M. Tullius	Philippicarum	Philippics	2	16	'iuventutem omnem ex tota Italia excussimus'.	45	8	7	Capere
EXPONERE	E	ostendere.	M. Tullius	M. Tullius	de signis	de signis	2.4	62	Vocat ad cenam deinde ipse praetorem;  exponit suas copias omnis'.	66	10	4	Dare
EXPONERE	E	disserere.	M. Tullius	M. Tullius	Philippicarum	Philippics	1	1	'exponam vobis breviter consilium profectionis et regres sionis meae'.	70	10	4	Exponere
EXPOSITUM	E	subiectum.	M. Tullius	M. Tullius	in Verrem actione II	Verr Act 2	1	93	'cum tibi exposita esset ad praedandum omnis Pamphylia'.	56	10	1	Expositum
EXORNARE	E	ornare.	M. Tullius	M. Tullius	in Verrem, de signis	de signis	2.4	62	'exornat ample magnificeque triclinium'.	40	7	4	Colere
EXORNARE	E		Cicero	Cicero	de Oratore	de Oratore	1	215	'qui omnes eloquentes fuerunt, orationem suam et rei publicae dignitatem exornabant'.	85		4	
EXPLICARE	E	, ostendere , explanare.	M. Tullius	M. Tullius	in Verrem actione	in Divinatione	N/A	(Div. 27	'vitam alterius totam explicare'.	33	24	6	Explicare
EXPLICARE	E		idem	M. Tullius	de Officiis	de Officiis	3	33	'ut quaedam sibi concedantur, quo facilius, quae volunt, explicent'.	68		6	
EXPLICARE	E		M. Tullius	M. Tullius	de Republica	de Republica	2	(ll	'quae virtus  praeter ceteras totam se ad alienas utilitatis porrigit atque explicat'.	86		6	
EXPLICARE	E	exserere.	M. Tullius	M. Tullius	de Officiis	de Officiis	3	81	'explica atque excute intellegentiam tuam, ut videas quae sit in ea species, forma, notio viri boni'.	101	9	6	Explicare
EXCIDERE	E	cadere.	M. Tullius	M. Tullius	in Philippicis	Philippics	12	8	'excident gladii, fluent araia de manibus'.	43	7	3	Excidere
EXULTARE	E	saevirc.	M. Tullius	M. Tullius	de Republica	de Republica	2	68	'quae sanguine alitur, quae in omni crudelitate sic exultat, t vix hominum acerbis funeribus satietur'	102	8	5	EXVLTARE
EXULTARE	E		M. Tullius	M. Tullius	in Hortensio	Hortensius	N/A	72	'inbecillis autem est  pudoris magister timor; quisi quando paululum aber ravit, statim spe inpunitatis exultat'.	113		5	
EXULTARE	E		et	M. Tullius	de Senectute	de Senectute	N/A	10	*et Hannibalem iuveniliter exultantem patientia sua molliebat'.	63		5	
EXULTARE	E	supra modum exilire et ecferri.	M. Tullius	M. Tullius	de Republica	de Republica	3	inc. 1	"""^est igitur  quiddam turbulentum in hominibus singulis, quod vel exultat voluptate vel molestia frangitur'."	108	31	5	Exultare
EXPECTARE	E	sperare.	M. Tullius	M. Tullius	de Officiis	de Officiis	2	53	'est enim deterior qui accipit atque etiam ad id semper expectandum paratior'.	78	8	3	EXPECTARE
FERRE	F		M. Tullius	M. Tullius	de Officiis	de Officiis	3	74	' sed cum Basilus M. Satrium, sororis filium, nomen suum ferre voluisset'.	74		21	
FERRE	F	pati.	Cicero	Cicero	in Verrem, [de praetura] Siciliensi	in Verrem, [de praetura] Siciliensi	5.2	(U, II, 83	'prout Thermitani hominis facultates fere tum verbum sit, quod tamen consuetudo ferre possit'.	94	5	21	Colere
FERRE	F		M. Tullius	M. Tullius	de suppliciis	de suppliciis	N/A	(in Verr. 11, v, 117)	'prohibentur suis liberis cibum vestitumque ferre'.	51		21	
FEROX	F		M. Tullius	M. Tullius	de Officiis	de Officiis	1	90	'ut equos propter crebras contentiones proeliorum ferocitate exultantes domitoribus tradere solent'.	100		10	
FEROX	F		M. Tullius	M. Tullius	Epistola ad Caesarem	ad Caesarem	1	5	'itaque vereor, ne ferociorem faciant tua tam praeclara iudicia de eo'.	71		10	
FAMA	F	est rursus infamia; unde et famosum dictum est infame; famosam, infamem.	Cicero	Cicero	de Oratore	de Oratore	2	277	'non pol, inquit, audeo; nam me ad famosas  vetuit mater accedere'.	67	72	11	Fama
FAMA	F		M. Tullius	M. Tullius	de Republica	de Republica	4	6	'atque etiam, siqua erat famosa, ei cognati osculum non ferebant'.	66		11	
FACESSERE	F		Cicero	Cicero	de Legibus	de Legibus	1	39	'paulisper facessant  rogemus'.	31		10	
FINGERE	F		M. Tullius	M. Tullius	de Finibus Bonorum et Malorum	de Finibus Bonorum et Malorum	5	59	'ut alia in primo ortu perficeret, alia progrediente aetate fingeret'.	70		20	
FINGERE	F		M. Tullius	M. Tullius	de Officiis	de Officiis	3	39	'fictam et conmenticiam fabulam prolatam dicunt aPlatone'.	58		20	
FINGERE	F	effigiare vel formare et facere.	M. Tullius	M. Tullius	de Republica	de Republica	4	5	'egovero eodem, quo ille Homerum,  redimitum coronis et deUbutum unguentis emittit ex ea urbe, quam sibi ipse fingit'.	118	32	20	Fingere
FINGERE	F		idem	M. Tullius	de Deorum Natura	de Deorum Natura	2	149	'deinde in ore sita Ungua est, finita dentibus: ea vocem inmoderate profusam fingit et terminat'.	97		20	
FINGERE	F		M. Tullius	M. Tullius	de Officiis	de Officiis	3	50	'virum bonum  fingimus; de eius deliberatione et consultatione quaerimus'.	74		20	
FINGERE	F		M. Tullius	M. Tullius	de Finibus Bonorum et Malorum	de Finibus Bonorum et Malorum	5	64	Halibus exemplis non fictae solum fabulae, sed etiam historiae refertae'.	73		20	
FACINUS	F		M. Tullius	M. Tullius	de Officiis	de Officiis	3	95	'promissum potius non faciendum quam taetrum facinus admittendum fuit'.	71		7	
FACINUS	F		et	M. Tullius	de Senectute	de Senectute	N/A	40	*nullum deniquescelus, nullum malum esse facinus, ad quod suscipiendum i non lubido voluptatis inpelleret'.	107		7	
FACINUS	F		M. Tullius	M. Tullius	de Officiis	de Officiis	3	75	'ab hoc nulla fraus aberit, nullum facinus'.	44		7	
FATIGARE	F	cohibereconprimere.	M. Tullius	M. Tullius	de Officiis	de Officiis	3	73	'qui non verbis sunt et disputatione  philosophorum, sed vinculis et carcere fatigandi'.	88	19	7	Fatigare
FERIRE	F		M. Tullius	M. Tullius	de suppliciis	de suppliciis	N/A	(in Verr. II, v, 121	'feriuntur securi: laetaris tu in omnium gemitu et triumphas'.	62		3	
FUNDERE	F		M. Tullius	M. Tullius	de suppliciis	de suppliciis	N/A		'plerique ut fusi sine mente ac sine ullo sensu iacerent'.	58		12	
FUNDERE	F		M. Tullius	M. Tullius	in Philippicis	Philippics	14	(l	'sceleratissimoiiim hostium exercitum fusum caesumque cognovi'.	63		12	
FUNDERE	F		Cicero	Cicero	Tusculanaiiim	Tusculanarum	5	37	'ut aut flores aut fruges fundant aut bacas'.	45		12	
FIDES	F	chordae quae appellantur.	M. Tullius	M. Tullius	in Hortensio	Hortensius	N/A	91	'ponendae sunt fides et tibiae'.	32	25	3	FiDES
GRAVE	G		M. Tullius	M. Tullius	de Officiis	de Officiis	3	35	'aut certe omni pondere gravior habenda est'.	45		27	
GRAVITER	G		M. Tullius	M. Tullius	de Officiis	de Officiis	1	88	'nec vero audiendi    qui graviter inimicis irascendum putant'.	63		6	
GRAVE	G		M. Tullius	M. Tullius	de Senectute	de Senectute	N/A	4	"""^quod numquam tibi senectutem gravem esse senserim'."	53		27	
GRAVE	G		in eodem	M. Tullius		de Senectute	N/A	67	'facilius in morbos incidunt [adulescentes], gravius aegrotant, tristius curantur'.	83		27	
GRAVE	G		M. Tullius	M. Tullius	de Officiis	de Officiis	3	86	'magnum illud bellum perfuga unus et gravem adversarium imperi sustuHsset'.	75		27	
GRAVE	G	utile.	M. Tullius	M. Tullius	de Officiis	de Officiis	1	(llO	'ut iam sint alia graviora atque meliora, tamen nos studia nostra naturae regula metimur'.	90	6	27	Grave
GRAVE	G		M. Tullius	M. Tullius	in Hortensio	Hortensius	N/A	27	'unde aut ad agendum aut ad dicendum copia depromi maior gravissimorum exemplorum, quasi incorruptorum testimoniorum, potest?'	126		27	
GRAVE	G	sapiens cum auctoritate.	M. Tullius	M. Tullius	de Officiis	de Officiis	1	86	'quae gravis et fortis civis et in republica dignus piincipatu fugiet atque oderit'.	84	24	27	Grave
GRAVE	G		et	M. Tullius	in Hortensio	Hortensius	N/A	25	^quid enim aut Herodoto dulcius aut Thucjdide gravius?'	55		27	
GRADUS	G	firmitas standi.	M. Tullius	M. Tullius	de Officiis	de Officiis	1	80	'nec tumultuantem de gradu deiciunt'.	37	16	3	Gradus
HABERE	H		M. Tullius	M. Tullius	de Republica	de Republica	3	24	'nam cum quaereretur ex eo, quo scelere inpulsus mare haberet infestum uno myoparone; '•'eodem», inquit, «quo tu orbem terrae»'.	128		18	
HAURIRE	H	avare sumere.	Cicero	Cicero	Tusculanarum	Tusculanarum	5	16	'cum inexplebili cupiditate, quo afluentius voluptates undique hauriat, eo gravius ardentiusque sitientem'.	107	13	9	Haurire
HONOR	H	est dignitas.	M. Tullius	M. Tullius	Epistularum ad Caesarem	ad Caesarem	1	(l	'tu cum ea, quae es ab senatu summo cum honore tuo consecutus'.	63	13	13	Honor
INVITARE	I		M. Tullius	M. Tullius	in Verrem actione II	Verr Act 2	1	65	*rogat Rubrium ut quos ei comnodum siet invitet'.	49		17	
INVITARE	I		M. Tullius	M. Tullius	de Senectute	de Senectute	N/A	57	'ad quem fruendum  non modo retardat, verum etiam invitat atque adlectat senectus'.	83		17	
INVITARE	I		M. Tullius	M. Tullius	in Hortensio	Hortensius	N/A	80	Voluptates autem nulla ad res necessarias invitamenta adferunt senibus'.	72		17	
INVITARE	I		idem	M. Tullius	de Republica	de Republica	N/A	(inc.1	'idque ipsa natura non invitaret solum, sed etiam cogeret'.	59		17	
INSOLENS	I	inpudens et audax dicitur consuetudine.	M. Tullius	M. Tullius	ad Caesarem iuniorem	ad Caesarem iuniorem	2	21	insolens, adrogans, iactans'.	29	39	9	iNSOLENS
INSOLENS	I		idem	M. Tullius	de Senectute	de Senectute	N/A	31	'nec ert ei verendum, ne vera praedicanT de se nimis videretur aut insolens aut loquax'.	88		9	
INSOLENS	I		Cicero	Cicero	de Oratore	de Oratore	1	99	'sed mehercule istius disputationis insolentia atque eamm rerum, quae quasi in arte traduntur, inscitia'.	105		9	
INMANE	I		M. Tullius	M. Tullius	de Republica	de Republica	3	32	'quippe si ita sensit ut loquitur, est homo inpurus; sin aliter, quod malo, oratio est tamen inmanis'.	102		9	
INMANE	I		idem	M. Tullius	de Officiis	de Officiis	1	57	*quo detestabilior illorum inmanitas, qui et laceraverunt omni scelere patriam'.	80		9	
INPURUS	I	est aliquo vitio maculatus.	M. Tullius	M. Tullius	in Verrem actione II	Verr Act 2	1	62	"""^quam multis illum ingenuis, quam multis matribus familias in illa taetra atque inpura legatione vim adtulisse existimatis ? '"	127	27	2	iNPVRVS
INPURUS	I	inprobus.	M. Tullius	M. Tullius	de Republica	de Republica	3	32	'sed iuventuti nostrae minime audiendus: quippe si ita sensit ut loquitur, est homo inpurus'.	93	9	2	Inpurus
INBUERE	I		M. Tullius	M. Tullius	de Officiis	de Officiis	1	118	'plerumque autem parentium praeceptis inbuti ad eorum consuetudinem morisque deducimur'.	88		5	
INBUERE	I		Cicero	Cicero	de Finibus Bonorum et Malorum	de Finibus Bonorum et Malorum	1	60	'accedit mors, quae, quasi saxum Tantalo, semper inpendet; tum superstitio, qua qui est inbutus, quietus esse numquam potest'.	126		5	
INDULGERE	I		M. Tullius	M. Tullius	de Officiis	de Officiis	3	112	'magnus viiin primis, et qui perindulgens in patrem, idem acerbe severus in filium'.	84		7	
INPROBUM	I	est, sicuti manifestum est, minime probum.	M. Tullius	M. Tullius	Epistola ad Caesarem	ad Caesarem	1	(fr. 3	Mebes  odisse inprobitatem eius, quia inpudentissimum nomen delegerit'.	71	42	5	iNPROBVM
IACERE	I		M. Tullius	M. Tullius	in Verrem, de signis	de signis	2.4	24	'in quem scyphum de manu iacere conatus est'.	45		3	
IACIT	I		M. Tullius	M. Tullius	Philippicamm	Philippics	1	(l	'in quo templo,  quantum in me fuit, ieci fundamenta pacis'.	60		3	
IACTARE	I	plagis sternere.	M. Tullius	M. Tullius	in Verrem actione II	Verr Act 2	1	67	'actatur domi suae vii' primarius et homo honestissimus ; pro se quisque manus adfert'.	87	16	10	iactare
INVOLVERE	I	inplicare.	M. Tullius	M. Tullius	ad Caesarem iuniorem	ad Caesarem iuniorem	1	(fr. 9	'sed quod viderem nomine pacis bellum involutum fore'.	54	10	3	Involvere
INTENDERE	I		M. Tullius	M. Tullius	in Hortensio	Hortensius	N/A	31	"""^quaero enun non quibus intendam rebus animum, sed quibus relaxem'."	68		5	
INCREPARE	I		M. Tullius	M. Tullius	in Hortensio	Hortensius	N/A	55	'tum 'ipevdoiiEvovg et soritam et totam dialecticam aut inludis aut increpas'.	78		4	
INVEHI	I	adgredi, increpare.	M. Tullius	M. Tullius	ad Caesarem iuniorem	ad Caesarem iuniorem	3	(fr. 26	'itaque in eum Pansa veliementer est invectus'.	47	19	2	Invehi
INTENDERE	I	extendere.	M. Tullius	M. Tullius	de suppliciis	de suppliciis	N/A	(in  Verr. II, v, 30	'tabernacula carbaseis intenta velis conlocabat'.	49	10	5	Intendere
INTENDERE	I		et	M. Tullius	de Senectute	de Senectute	N/A	37	4ntentum enim  animum, tanquam arcum, habebatnec languens succumbebat senectuti'.	81		5	
INDUCERE	I	fingereinmittere.	M. Tullius	M. Tullius	de Officiis	de Officiis	3	38	'hinc ille Gyges inducitur a Platone'.	38	17	3	INDVCERE
INTERFICERE	I		M. Tullius	M. Tullius	de Officiis	de Officiis	2	14	'ab isdemque quae nocent interficiuntur'.	41		4	
LEGERE	L		M. Tullius	M. Tullius	de Officiis	de Officiis	3	13	'cetera autem, quae secundum naturam essent, ita legere, si ea virtuti non repugnare diligentius intendentes invenimus'.	120		21	
LUSTRA	L		Cicero	Cicero	in Philippicis	Philippics	2	6	"""^cum omnes inpuritates inpudica in domo cotidie susciperes vino lustrisque confectus'."	87		7	
LUSTRARE	L		Cicero	Cicero	Tusculanarum	Tusculanarum	5	65	'ego autem cum  omnia conlustrarem oculis ; est enim ad poi-tas Agragianas '.	77		14	
LUSTRARE	L	patefacere.	Cicero	Cicero	in Catilinam	in Catilinam	1	6	'si lustrantur, si erumpunt omnia? muta iam istam mentem'.	58	11	14	Lustrare
LUSTRARE	L		M. Tullius	M. Tullius	de Officiis	de Officiis	1	57	'sed cum onmia ratione animoque lustraveris '.	46		14	
LEVARE	L	rursum relevare.	Cicero	Cicero	Tusculanarum	Tusculanarum	5	121	"""^alia nulla potuit inveniii levatio'."	38	16	12	Levare
LEVARE	L		M. Tullius	M. Tullius	Epistularum ad Caesarem	ad Caesarem	1	12	neque tiiiun te ingenium moderat neque fraternum ira exiliiim levat?	68		12	
LAUTUM	L		M. Tullius	M. Tullius	in Verrem actione II	Verr Act 2	1	17	'Romam ut ex Sicilia redii, comites istius atque amici, homines  lauti et urbani'.	82		8	
LAUTUM	L		et	M. Tullius	in Hortensio	Hortensius	N/A	43	V|uae est igitur philosophia, Socrate? nec dubito quin, quaecumque sit, lautitiam ac victum elegantem magnifice neque minus quam deceret colere instituisset'.	158		8	
LENTUM	L	significat tardum.	M. Tullius	M. Tullius	de Republica	de Republica	5	10	'Marcellus ut acer et pugnax, Maximus ut consideratus et lentus'.	65	18	11	LENTVM
LENTUM	L		et	M. Tullius	in Hortensio	Hortensius	N/A	22	['hunc  Crassum, qui lentius, ut scitis, dicere solebat, {| ad imitationem quasi nostri generis contendisse'.	109		11	
LENTUM	L	patiens, placidum.	M. Tullius	M. Tullius	in Hortensio	Hortensius	N/A	86	'qui cum publicas iniurias lente tulisset, suam non tulit'.	59	18	11	Lentum
LENTUM	L		Cicero	Cicero	de Oratore	de Oratore	2	190	Seque enim est facile perficere ut ii-ascatur ei, cui tu velis, iudex, si tu ipse id lente ferre videare'.	106		11	
LANGUOR	L	est torpor et inertia.	M. Tullius	M. Tullius	de Officiis	de Officiis	1	123	'nihil autem magis cavendum est senectuti  quam ne languori se desidiaeque dedat'.	82	22	3	LANGVOR
LONGE	L		M. Tullius	M. Tullius	in Verrem, [de praetura] Siciliensi	in Verrem, [de praetura] Siciliensi	2.2	53	'hic longe primus civitatis est Epicrates'.	43		9	
LONGE	L		et	M. Tullius	de Officiis	de Officiis	1	69	'in his et nobilissimi philosopbi, longe principes'.	52		9	
LONGE	L	aut spatii aestimationem; ut	M. Tullius	M. Tullius	in Clodium et Curionem	in Clodium et Curionem	N/A	25	'credo, postquam tibi speculum adlatum est, longe te a pulchris abesse sensisti'.	81	28	9	
LUXURIA	L	est contra pudorem et supra modum profusio.	M. Tullius	M. Tullius	de Officiis	de Officiis	1	106	"""^intellegimus quam  sit turpe diffluere luxuria, delicate ac molliter vivere'. I"	81	43	1	LVXORIA
LUXURIA	L		M. Tullius	M. Tullius	de Oratore	de Oratore	2	96	'ei omnis luxuries [eium] stilo depascenda'.	44		4	
LUXURIA	L		Cicero	Cicero	in Oratore	in Oratore	N/A	81	'gemmare vites, sitire agros,  laetas segetes, luxoriosa frumenta'.	67		4	
LOCANDI	L	significatio manifesta est, ut aut operis locandi aut fundi.	M. Tullius	M. Tullius	Epistola ad Caesarem	ad Caesarem	2	8	Wel quod locatio ipsa pretiosa'.	32	60	2	LOCANDi
LOCANDI	L		idem	M. Tullius	in Verrem, in Frumentaria	Frumentaria Verrinarum	2.3	55	'Xenonis Meneni, nobilissimi  hominis, uxoris fundus erat colono locatus'.	74		2	
MACTARE	M		Cicero	Cicero	Tusculanarum	Tusculanarum	1	40	'macte virtute'.	16		20	
MACTARE	M		M. Tullius	M. Tullius	de Republica	de Republica	1	67	'ferunt laudibus, mactant honoribus'.	37		20	
MODICVM	M		M. Tullius	M. Tullius	de Republica	de Republica	4	(l	'cumque autumno  terras ad concipiendas fruges patefecerit, hieme ad conservandas co72traxerit, vere ad conficiendas relaxarit, aestiva maturitate alia mitigaverit, alia tonuerit'.	180		10	
MODICVM	M		M. Tullius	M. Tullius	de Senectute	de Senectute	N/A	28	'facitque persaepe  ipsa sibi audientiam diserti senis compta et mitis oratio'.	79		10	
MERUM	M		Cicero	Cicero	de Oratore	de Oratore	2	94	^ecce tibi exortus est Isocrates, magister istorum omnium, cuius e ludo, tamquam ex equo Troiano, meri principes exierunt'.	123		8	
MERET	M		M. Tullius	M. Tullius	ad Caesarem iuniorem	ad Caesarem iuniorem	2	(fr. 22	'quem perisse ita de re publica merentem consulem doleo'.	57		12	
MEDICAMENTUM	M	est quo homiues vel animalia cetera  curantur.	M. Tullius	M. Tullius	de Officiis	de Officiis	3	92	jj'siquis medicamentum cuipiam dederit ad aquam intercutem'.	60	46	4	MEDiCAJMENTVM
MINUTUM	M	[est] obscunmi, [et] scrupulosum, ut a Graecis dicitur λεπτομέριμνον.	Cicero	Cicero	de Finibus Bonorum et Malorum	de Finibus Bonorum et Malorum	1	61	*^ecce autem alii minuti et angusti et omnia  semper desperantes aut malevoli, invidi, difficiles, lucifugi, maledici , monstruosi '.	133	69	1	
MOLIRI	M		M. Tullius	M. Tullius	Philippicarum	Philippics	3	6	'quem nihil aliud agere, nihil moliri nisi caedem civium atque interitum    civitatis videret'.	95		8	
MOLIRI	M		idem	M. Tullius	de Senectute	de Senectute	N/A	26	'iners non sit, verum etiam sit operosa et semper agens aliquid et moliens'.	76		8	
UNDE DEMOLIRI	M	dictum est destruere.	M. Tullius	M. Tullius	de Officiis	de Officiis	1	138	'^hanc Scaurus demolitus accessionem adiunxit aedibus'.	55	21	3	unde demoliri
UNDE DEMOLIRI	M		M. Tullius	M. Tullius	de Officiis	de Officiis	3	66	Memoliri ea quorum altitudo officeret auspiciis'.	49		3	
MOLLE	M		M. Tullius	M. Tullius	de Senectute	de Senectute	N/A	5	'quod ferundum est moUiter sapienti'.	37		13	
MOLLE	M		M. Tullius	M. Tullius	de Legibus	de Legibus	2	38	'in animos teneros atque mollis influere quam varios canendi sonos'.	68		13	
MOLLE	M		et idem	M. Tullius	de Senectute	de Senectute	N/A	2	"""^omnis absterserit senectutis molestias, sed etiam elfecerit mollem ac iucundam senectutem'. I"	95		13	
MOLLE	M		M. Tullius	M. Tullius	de Senectute	de Senectute	N/A	10	*et Hannibalem iuveniliter exultantem patientia sua molliebat'.	63		13	
MICARE	M	est sortiri digitis.	M. Tullius	M. Tullius	de Officiis	de Officiis	3	77	'dignum esse dicunt, quicum in tenebris mices'.	47	20	9	Micare
MICARE	M		et	M. Tullius	eodem	de Officiis	3	90	'quasi sorte aut micando  victus alteri cedet'.	47		9	
MITTERE	M		M. Tullius	M. Tullius	de Officiis	de Officiis	3	112	'Manlium missum fecit: tantum temporibus illis ius iurandum valebat'.	69		11	
MANDARE	M		M. Tullius	M. Tullius	de Officiis	de Officiis	2	3	'deinde [tertius] ipsis scriptis non ea quae nunc, sed actiones nostras mandaremus, ut saepe fecimus'.	102		3	
MATURUM	M		M. Tullius	M. Tullius	de Officiis	de Officiis	3	59	Venit ipse mature: scalmum nullum videt'.	41		4	
MATURUM	M		M. Tullius	M. Tullius	de Senectute	de Senectute	N/A	33	'iam constantis aetatis et senectutis maturitas'.	49		4	
MANERE	M		M. Tullius	M. Tullius	in Verrem actione	in Divinatione	N/A	(Div. 8	^qui iudicia anere apud ordinem senatorium volunt'.	51		6	
MANERE	M		— idem	M. Tullius	de Officiis	de Officiis	3	48	^Cursilum quendam, suadentem ut in urbe manerent'.	50		6	
MANERE	M		M. Tullius	M. Tullius	Philippicarum	Philippics	13	(-45	'sin autem me aliud fatum manet'.	33		6	
MACULA	M	turpido.	M. Tullius	M. Tullius	in Verrem actione I	Verr Act 1	2		'cuius ut adulescentiae maculas ignominiasque praeteream'.	58	8	3	Macula
MACULA	M	in retibus plaga.	M. Tullius	M. Tullius	de suppliciis, in Verrem actione	de suppliciis	2.5	27	'reticulumque ad nares sibi admovebat, tenuissimo lino, minutis maculis, plenum rosae'.	87	17	3	Macula
MOVERE	M	excludere.	M. Tullius	M. Tullius	de Officiis	de Officiis	3	76	^at qui quodam quasi veneno perficiat ut veros heredes moveat, in eorum locum ipse succedat?'	93	10	2	MOVERE
NOBILE	N	dicitur et notus.	M. Tullius	M. Tullius	de Officiis	de Officiis	2	26	Hestis est Phalaris, cuius est praeter ceteros nobilitata crudelitas'.	70	17	9	Nobilis
NOBILE	N		M. Tullius	M. Tullius	in Verrem actione II	Verr Act 2	1	63	'oppidum  est in Hellesponto Lamsacum, iudices, in primis Asiae provinciae clarum et nobile'.	93		9	
NUMERO	N	ordine.	M. Tullius	M. Tullius	de Deorum Natura	de Deorum Natura	2	43	'nihil est enim ut ratione et numero moveri possit sine consilio; in quo nihil est temerarium'.	95	7	12	NVMERO
NUMERO	N		M. Tullius	M. Tullius	de Officiis	de Officiis	3	14	'perfectum atque absolutum est et, ut idem dicunt, omnes numeros habet'.	72		12	
NITI	N		Cicero	Cicero	Tusculanarum	Tusculanarum	1	10	Uum illud quod «Sisyphu' versat saxiim sudans nitendo neque proficit hilum/>'.	78		8	
OCCUPATUS	O		Cicero	Cicero	Tusculanarum	Tusculanarum	1	5	'ut, si occupati profuimus aliquid civibus nostris, prosimus etiam, si possumus, otiosi'.	89		2	
OCCUPARE	O	est proprie praevenire.	Cicero	Cicero	Tusculanarum	Tusculanarum	5	27	'quodidem meliori bus etiam verbis Metrodorus: occupavi te'.	60	23	21	Occupare
OCCUPARE	O		M. Tullius	M. Tullius	de Officiis	de Officiis	1	57	'et in ea funditus delenda occupati sunt et fuerunt'.	53		21	
OCCUPARE	O		M. Tullius	M. Tullius	Philippicarum	Philippics	13	12	'agri Lucani possessiones occupavit'.	37		21	
OCCUPARE	O		M. Tullius	M. Tullius	in Hortensio	Hortensius	N/A	15	'et paulum agelli occupavisse'.	31		21	
OCCUPARE	O		M. Tullius	M. Tullius	in Verrem actione II	Verr Act 2	1	91	'praeterea pecunias occuparat apud populos et syngraphas fecerat'.	66		21	
OPINIO	O	est fama.	M. Tullius	M. Tullius	ad Caesarem iuniorem	ad Caesarem iuniorem	1	(fr. 10	'erat opinio bona de Planco, bona de Lepido'.	45	9	8	Opinio
OPINIO	O		M. Tullius	M. Tullius	de Officiis	de Officiis	3	(ll	'qni primum  haec natura cohaerentia opinione distraxissent'.	61		8	
OPINIO	O	spes, opinatio.	M. Tullius	M. Tullius	ad Caesarem iuniorem	ad Caesarem iuniorem	N/A	28	'posthac quod voles a me fieri scribito; vincam opinionem tuam'.	64	15	8	Opinio
OPINIO	O		idem	M. Tullius	de Officiis	de Officiis	2	46	'opinionem adferunt populo eorum se similes fore quos sibi delegerint  ad imitandum'.	85		8	
OBSCENUM	O		M. Tullius	M. Tullius	de Officiis	de Officiis	1	104	'alter ne libero  quidem, si rermn turpitudo adhibetur aut verborum   obscenitas '.	83		9	
OBSCENUM	O		Cicero	Cicero	Tusculanarum	Tusculanarum	5	94	'nam et obscenas voluptates, de quibus multa ab illis habetur oratio'.	70		9	
OPTARE	O		M. Tullius	M. Tullius	de Officiis	de Officiis	1	118	'quaeque maiori parti pulcerrima videantur, ea maxime optant'.	62		7	
OFFENDERE	O	laedere.	M. Tullius	M. Tullius	de suppliciis	de suppliciis	7	(in Verr. II, V, 31	'^cum iste cum pallio purpureo parique tunica versaretur in conviviis cum mulieribus, non offendebantur homines in eo neque moleste ferebant'.	142	8	14	Offendere
OFFENDERE	O		M. Tullius	M. Tullius	de signis	de signis	N/A	(in Verr. II, iv, 64	^quod nondum perfectmn templum offenderant, neque ponere potuerunt'.	68		14	
OFFENDERE	O		M. Tullius	M. Tullius	de Republica	de Republica	1	59	'sed imitor Archytam illum Tarentinum; qui cum ad villam venisset et omnia aliter offendisset ac iusserat.	106		14	
OBSCURUM	O	ignobile.	M. Tullius	M. Tullius	de Officiis	de Officiis	1	116	'qui magna sibi proponunt obscuris orti maioribus'.	51	9	2	Obscurum
OBSERVARE	O	suspiceremagnificare.	M. Tullius	M. Tullius	de Officiis	de Officiis	1	149	|^sicuti aliquo honore aut imperio affectos observare et colere debemus'.	73	21	7	Observare
OCCURRERE	O	subvenirecommonere.	M. Tullius	M. Tullius	de suppliciis	de suppliciis	N/A	(in Verr. II, v, 104	'occurrebat illa ratio'.	24	19	2	Occurrere
ORARE	O	est precibus poscere.	M. Tullius	M. Tullius	Verrinanim in Divinatione	in Divinatione	N/A	3	'rogare et orare, neeos supplices aspernarer'.	46	21	2	ORARE
ORARE	O	agere.	M. Tullius	M. Tullius	de Officiis	de Officiis	3	43	"""^ut veram amici causam esse malit; ut orandae litis tempus, quoad per leges liceat, accommodet'."	97	6	2	Coicere
PROPRIUM	P		M. Tullius	M. Tullius	de Republica	de Republica	4	5	'et noster Plato magis etiam quam Ljcurgus, omnia qui prosus iubet esse communia, nequis civis propriam aut suam rem ullam queat dicere'.	137		14	
PROMITTERE	P		M. Tullius	M. Tullius	ad Caesarem iuniorem	ad Caesarem iuniorem	N/A	29	'promissa tua memoria teneas'.	30		5	
PRODERE	P		M. Tullius	M. Tullius	in Verrem, de suppliciis	de suppliciis	N/A	11, v, 36	ius imaginis ad memoriam posteritatemque prodendam'.	52		7	
PRODERE	P		et	M. Tullius	de Senectute	de Senectute	N/A	25	'non accipere modo haec a maioribus voluerunt, sed etiam posteris prodere'.	75		7	
PERICULUM	P		M. Tullius	M. Tullius	de Republica	de Republica	3	(inc.2	[sum] vident quid se putent esse facturos'.'sed ut ipsi suum animum periclitentur.	82		7	
PERICULUM	P		M. Tullius	M. Tullius	de Deorum Natura	de Deorum Natura	2	161	'sicuti ex quibusdam stirpibus et herbis, quarum utilitatis longinqui tempoiis usu et perichtatione percepimus '.	113		7	
PERICULOSUM	P	maius et vehemens.	M. Tullius	M. Tullius	de Officiis	de Officiis	1	83	"""^ gravioribus autem morbis periculosas curationes et ancipitis adhibere coguntur'."	83	18	1	Periculosum
PRESSUM	P	subtile.	M. Tullius	M. Tullius	in Hortensio	Hortensius	N/A	56	^quis te aut est aut fuit umquam in partiundis rebus,  in definiundis , in explicandis pressior?'	97	8	2	PRESSvM
PRETIUM	P		M. Tullius	M. Tullius	Verrinarum actione II	Verr Act 2	1	7	"""^et parentis pretium pro sepultura liberum posceret'."	54		10	
PROPTER	P		M. Tullius	M. Tullius	de Senectute	de Senectute	N/A	48	'sic adulescentia voluptates propter intuens magis fortasse laetatur; sed delectatur  etiam senectus procul aspiciens'.	119		10	
PROPTER	P		idem	M. Tullius	de Republica	de Republica	1	17	"""^eum quoque ut salutavit, propter Tuberonem iussit adsidere'."	62		10	
PONERE	P	consumere, comterere.	M. Tullius	M. Tullius	de Officiis	de Officiis	2	2	'mirentur in ea me tantum operae et temporis ponere'.	53	21	6	Ponere
PULLUM	P		M. Tullius	M. Tullius	de signis	de signis	N/A	(in Verr. II, iv, 54	'in hac officina partem diei cum tunica pulla et pallio solebat sedere'.	72		4	
PLAGAE	P		M. Tullius	M. Tullius	de suppliciis	de suppliciis	N/A	(in Verr. II, v, 140	'plagis confectum dico a lictoribus tuis civem Romanum ante  oculos II tuos concidisse'.	88		14	
PLAGAE	P		M. Tullius	M. Tullius	de suppliciis	de suppliciis	N/A	(in Verr. II, v, 119	de plaga et de uno illo ictu loquebantur'.j|'atque etiam ipsi adulescentes cum Sextio	85		14	
PLAGAE	P		M. Tullius	M. Tullius	de Officiis	de Officiis	3	68	'suntne igitur insidiae tendere plagas, etiamsi excitaturus non sis?'	69		14	
PUTARE	P		M. Tullius	M. Tullius	in Epistulis ad Caesarem	ad Caesarem	1	6	'quod  sapientis homines ac boni putant'.	41		10	
PRAESTARE	P	faccre.	M. Tullius	M. Tullius	de Officiis	de Officiis	3	66	'emptorem indemnem damno praestari oportere'.	45	7	13	Praestare
PRAESTARE	P	exhibere.	M. Tullius	M. Tullius	ad Caesarem iuniorem	ad Caesarem iuniorem	1	(fr. 11	"""tu si meam fidem praestiteris, quod confido te esse facturum'."	14	9	13	Dare
PRAESTARE	P		et	M. Tullius	de Officiis	de Officiis	3	65	*nam cum ex duodecim tahulis safis essef ea iwaestari quae essent lingua nuncupata'.	84		13	
PRAESTARE	P		M. Tullius	M. Tullius	in Verrem, Siciliensi	in Verrem, actione Siciliensi	2.2	191	'^nimirum illi non ingenio solum his patronis, sed fortuna etiam  praestiterunt'.	81		13	
PRAESTARE	P		M. Tullius	M. Tullius	de Officiis	de Officiis	2	5	'quid enim est, per deos inmortalis! optabilius sapientia? quid praestabilius?'	79		13	
PRAESTARE	P		et	M. Tullius	in Hortensio	Hortensius	N/A	66	'itaque nec in  philosophia cuiquam cessit et vitae gravitate praestitit'.	74		13	
PRAESTAT	P		M. Tullius	M. Tullius	de Senectute	de Senectute	N/A	33	^ne vos quidem Titi Ponti centurionis viris habetis: num idcirco est ille praestantior?'	88		3	
PRAECIPERE	P		M. Tullius	M. Tullius	de Officiis	de Officiis	3	13	'nec omnino quicquam de eo genere praecipiendum fuisse'.	56		8	
PRAECIPERE	P		et	M. Tullius	in Hortensio	Hortensius	N/A	"(""41"	'praecipiunt haec isti, set facit nemo'.	40		8	
PULSATUM	P		M. Tullius	M. Tullius	de suppliciis	de suppliciis	N/A	(inVerr.II,V 142	'lictores  cii^cumsistunt valentissiini et ad pulsandos verberandosque homines exercitatissimi'.	96		2	
PRODUCERE	P		M. Tullius	M. Tullius	de Senectute	de Senectute	N/A	46	' conviviumque vicinorum cotidie conpleo; quod ad multam noctem, quam  maxume possumus, vario sermone producimus'.	114		11	
PRODUCERE	P		M. Tullius	M. Tullius	in Verrem, in Frumentaria	Frumentaria Verrinarum	2.3	63	Jiemo hoc 7iesdt; nemo tuorum amicorum, nemo abs te productus, nemo interrogatus'.'quid opus est Lollio?	104		11	
PROIECTUM	P	longe iactum, extensum.	M. Tullius	M. Tullius	de signis	de signis	N/A	(in Verr. II, iv, 21	"""^sed quod erat eiusmodi loco atque ita proiecta in altum'."	59	23	7	Proiectum
PROIECTUM	P		M. Tullius	M. Tullius	de Republica	de Republica	3	11	Hustitia foras spectat et proiecta tota est atque eminet'.	58		7	
PROIECTUM	P		et	M. Tullius	de Oratore	de Oratore	3	220	'bracchium procerius proiectum, quasi quoddam telum orationis'.	63		7	
PROIECTUM	P	subtractum.	M. Tullius	M. Tullius	in Philippicis	Philippics	4	(fr. 1	'quid hoc senatus consultum facit? clam te ex urbe  proieceris '.	65	11	7	Proiectum
PRAESTRINGERE	P	attingere.	M. Tullius	M. Tullius	de signis	de signis	N/A	(in 1 Verr. II, iv, 105	'ignoscite: rei magnitudo me breviter praestringere atrocitatem criminis non sinit'.	84	10	3	Praestringere
PRAESTRINGERE	P	radere.	M. Tullius	M. Tullius	in Philippicis	Philippics	2	102	'cuius quidem vomere portam Capuae paene praestrinxti'.	55	7	3	Praestringere
POSCERE	P		M. Tullius	M. Tullius	prima secundae actionis in Verrem	Verr Act 2	2.1	66	|'poscunt maioribus poculis'.	29		7	
PROFERRE	P	protendere.	M. Tullius	M. Tullius	de Republica	de Republica	3	24	'sapientia iubet proferre opes, amplificare divitias'.	54	11	2	PROFERRE
PORTENTA	P	inania quaedam et iniidenda.	Cicero	Cicero	Tusculanarum	Tusculanarum	1	(II	*^aut quid negoti est haec poetarum  et pictorum portenta convincere?'	70	28	2	PORTENTA
RESTARE	R		M. Tullius	M. Tullius	de Senectute	de Senectute	N/A	46	'nec cum aequalibus solum, qui pauci admodum restant, sed cum vestra etiam  aetate'.	84		5	
RESTARE	R		M. Tullius	M. Tullius	de Finibus Bonorum et Malorum	de Finibus Bonorum et Malorum	5	74	'nullam quarentes voluptatem Stoici restant'.	45		5	
RELIGIOSOS	R		M. Tullius	M. Tullius	ad Atticum IX	ad Atticum IX	N/A	5, 2	'maiores nostri funestiorem diem esse voluerunt Aliensis pugnae  quam urbis captae, quod hoc malum ex illo: itaque alter religiosus etiamnunc dies, alter in vulgus ignotus'.	173		2	
RELIGIO	R		M. Tullius	M. Tullius	de Officiis	de Officiis	2	51	'item est habendum religioni, nocentem aliquando, modo ne nefarium inpiumque, defendere'.	89		7	
RARUM	R		M. Tullius	M. Tullius	de Officiis	de Officiis	1	136	'sic ad hoc genus castigandi raro invitique veniamus'.	54		3	
RUERE	R	decipi.	M. Tullius	M. Tullius	de Officiis	de Officiis	3	54	'si hoc non est emptorem pati ruere et per venditorem in maximam fraudem incurrere?'	84	7	14	RVERE
RUERE	R		M. Tullius	M. Tullius	de suppliciis	de suppliciis	N/A	(in Verr. II, v, 12	'quae  cum accidunt, nemo est quin intellegatruere illam rem  publicam'.	72		14	
RELATUM	R	dicitur perlatum, dictum	a M. Tullio	M. Tullius	ad Caesarem iuniorem	ad Caesarem iuniorem	1	(fr. 12	'sed haec videbimus, cum legati responsa rettulerint'.	54	24	2	RELATVM
REFERRE	R		M. Tullius	M. Tullius	de signis	de signis	N/A	(in Verr. II, iv, 65	*cum iam  satis perspexisse videretur, tollere incipiunt, ut referrent'.	72		11	
REFERRE	R		idem	M. Tullius	de Officiis	de Officiis	2	77	'uti eo, unde digressa est, referat'.	37		11	
ROGARE	R	dicitur deprecari, poscere.	M. Tullius	M. Tullius	in Verrinis, in Divinatione	in Divinatione	N/A	3	'rogare et orare ne eos supplices aspernarer'.	46	27	8	Rogare
ROGARE	R	quaerere, scitari.	M. Tullius	M. Tullius	ad Caesarem iuniorem	ad Caesarem iuniorem	1	(fr. 2	'roga ipsum, quemadmodum ego eum Arimini acceperim'.	52	18	8	Rogare
ROGARE	R	instituere.	M. Tullius	M. Tullius	in Philippicis	Philippics	2	72	'ego ad eum belli civilis causam adtuli; ego leges per niciosas rogavi'.	72	11	8	Producere
REMISSUM	R	laetum.	M. Tullius	M. Tullius	de Oratore	de Oratore	3	30	'quis umquam res praeter hunc tragicas paene comice, tristis remisse?'	70	7	3	REMissvM
REMITTERE	R	delectare.	M. Tullius	M. Tullius	in Hortensio	Hortensius	N/A	31	*quaero enim, non quibus intendam rebus animum, sed quibus relaxem ac remittam'.	80	10	2	Capere
REMITTERE	R		idem	M. Tullius	de Senectute	de Senectute	N/A	28	'sed tamen est senis sermo quietus ac remissus'.	48		2	
RECIPERE	R	accipere.	M. Tullius	M. Tullius	de Officiis	de Officiis	3	48	'Cyrsilumquendam, suadentem ut in urbe manerent Xersemque reciperent,  lapidibus obruerunt'.	92	9	10	Capere
RECIPERE	R		M. Tullius	M. Tullius	de Officiis	de Officiis	3	45	'qui cum ad  diem se recepisset, admiratus eorum fidem tyrannus	50		10	
RECIPERE	R		Cicero	Cicero	de Oratore	de Oratore	2	226	^et dicis te, cum  aedes venderes, ne in rutis quidem et caesis solum tibi paternum recepisse',	95		10	
REDUNDARE	R		M. Tullius	M. Tullius	de Officiis	de Officiis	3	3	'nunc fugientes conspectum sceleratomm , quibus omnia redundant'.	65		4	
REDUNDARE	R		et	M. Tullius	in Hortensio	Hortensius	N/A	73	Hum intellegas quam illud non sit necessarium quod redundat'.	61		4	
SUBLATUM	S		M. Tullius	M. Tullius	in Philippicis	Philippics	1	4	'non modo regno, sed etiam regni timore sublato'.	49		8	
SUBLATUM	S		M. Tullius	M. Tullius	de Officiis	de Officiis	3	38	'sustulit quos opstare intellegebat'.	37		8	
SUBLATUM	S		M. Tullius	M. Tullius	in Hortensio	Hortensius	N/A	45	'eloquentia tueri, quam tu in caelum, Hortensi, credo, ut ipse cum ea simul ascenderes, sustulisses'.	101		8	
SUFFICIT	S	ab inficiendo.	M. Tullius	M. Tullius	in Hortensio	Hortensius	N/A	23	'ut i qui conbibi purpuram volunt, sufficiunt prius lanam medicamentis quibusdam'.	82	14	1	Sufficere
SUSPENSUM	S	dicitur alte ligatum.	M. Tullius	M. Tullius	in Verrem	pro Rabir	N/A	(pro Rabir.13	'caput obnubito, arbori infelici suspen dito'.	46	21	4	Suspensum
SUSPENSUM	S		M. Tullius	M. Tullius	[in] Philipp.	Philippics	7	(l	'aberrat a sententia suspensus [a] curis maioribus'.	52		4	
SPECIES	S	imago.	M. Tullius	M. Tullius	de Officiis	de Officiis	3	12	'cum sit is, qui id solum bonum iudicet quod honestum; quae autem huic repugnent specie quadam utilitatis'.	107	6	4	Species
SUBIECERE	S		M. Tullius	M. Tullius	in Philippicis	Philippics	2	5l	'cervicisque suas ei subiecit securi, qua multi minoribus in peccatis occiderunt'.	82		6	
SECUNDUM	S		M. Tullius	M. Tullius	de Officiis	de Officiis	1	90	'sic homines  secundis rebus effrenatos sibique supra' * * *	60		6	
SECUNDUM	S		M. Tullius	M. Tullius	ad Caesarem iuniorem	ad Caesarem iuniorem	2	fr 23	scriptum erat equestre proelium valde secundum, in his autem potius adversum'.	78		6	
SUBMISSUM	S	significat humile.	M. Tullius	M. Tullius	de Officiis	de Officiis	1	124	'neque submissum et abiectum nequese ecferentem'.	49	18	2	svBMissvM
SEVERUM	S	asperum, trucem.	M. Tullius	M. Tullius	in Hortensio	Hortensius	N/A	90	'aKud ex silvis severum et triste'.	35	16	7	Severum
SEVERUM	S		M. Tullius	M. Tullius	de Officiis	de Officiis	3	112	'et qui perindulgens in patrem, idem acerbe severus in filium'.	63		7	
SOLVERE	S		M. Tullius	M. Tullius	in Verrem I	in Divinatione	Div.	32	'pro quo finmiento pe cunia omnis soluta non est'.	50		6	
SPISSUM	S	significat tardum.	Cicero	Cicero	de Oratore	de Oratore	2	213	'et principia tarda sunt et exitus tamen spissi et producti esse debent'.	73	18	12	LENTVM
STATIM	S	mox dicitur.	Cicero	Cicero	in Verrinis II	Verr Act 2	2	19	'statim Messana litteras dedit, ut Alesinus ad se Dio continuo veniret'.	72	12	10	Statim
SPURCUM	S	vehemens, asperum.	M. Tullius	M. Tullius	ad Caesarem iuniorem	ad Caesarem iuniorem	2	fr 13	'cum iter facerem ad Aquilam Claternam tempestate spurcissima'.	63	18	9	Spurcum
SICCUM	S		Cicero	Cicero	Academicorum	Academicorum	2	(fr.9	alius adultis, lius valentibus, aHus aegris, alius siccis, alius vinulentis'.	77		7	
SICCUM	S	firmum.	M. Tullius	M. Tullius	de Senectute	de Senectute	N/A	34	'nullo imbri, nullo frigore adduci ut capite operto sit; summam esse in eo corporis siccitatem'.	96	7	7	Siccum
SEGES	S	[ten-am.	M. Tullius	M. Tullius	in Hortensio	Hortensius	N/A	24	'ut enim segetes agricolae subigunt aratris multo ante quam serant'	67	8	1	Segetem
SUMERE	S		M. Tullius	M. Tullius	de signis	de signis	N/A	(in Verr. II, iv, 63	'iste unumquodque vas sumere in manus, laudare, mirari'.	56		14	
SUMERE	S		Cicero	Cicero	de Finibus Bonorum et Malorum	de Finibus Bonorum et Malorum	2	8	Verum hoc loco sumo de verbis his eandem vim voluptatis'.	57		14	
SUMERE	S		M. Tullius	M. Tullius	in Hortensio	Hortensius	N/A	48	'quare velim dari mihi, Luculle, iubeas indicem tragicorum, ut sumam, qui forte mihi desunt'.	93		14	
SUMERE	S	conducere.	M. Tullius	M. Tullius	de Officiis	de Officiis	N/A				10	14	Sumere
SAMIUM	S		M. Tullius	M. Tullius	de Republica	de Republica	6	2	'oratio Laeli, quam omnes habemus in manibus, quam simpuia ponti ficum dis inmortalibus grata sint Samiaeque, uti scribit, capudines'.	134		3	
SUBDUCERE	S		M. Tullius	M. Tullius	in Hortensio	Hortensius	N/A	94	*non et sine ea  cogitatione ineundis subducendisque rationibus'.	65		4	
SUBDUCERE	S		idem	M. Tullius	de Finibus Bonorum et Malorum	de Finibus Bonorum et Malorum	2	78	"""^qui autem esse potest, nisi te amor ipse ceperit? quod non subducta utilitatis ratione effici solet'."	103		4	
SUBDUCERE	S		M. Tullius	M. Tullius	in Hortensio	Hortensius	N/A	64	'an, cum videat me et meos comites, fortitudinem , magnitudinem animi, patien tiam, constantiam, gravitatem, fidem, ipsa se subducat?'	134		11	
SUBDUCERE	S		M. Tullius	M. Tullius	de Officiis	de Officiis	3	49	'buic ille classem Lacedaemoniorum, quae subducta esset ad Gytbeum, clam incendi posse'.	88		11	
SUSPICERE	S		et Cicero	Cicero	in Oratore	in Oratore	N/A	145	' quod prudentia hominibus grata est, lingua suspecta'.	55		5	
SUBIGERE	S	exercere, mollire.	Cicero	Cicero	de Orat.	de Oratore	2	(l31	'subacto mihi ingenio opus est, ut agi'0 non semel arato, sed novato et iterato'.	81	18	14	Subigere
SUBIGERE	S	exarare.	M. Tullius	M. Tullius	de Senectute	de Senectute	N/A	59	'cum autem admii-areturLysander proceritatem arborum et derectos ordines et humum subactam atque puram'.	104	8	14	Subigere
SUBIGERE	S		M. Tullius	M. Tullius	in Hortensio	Hortensius	N/A	24	'ut enim segetes agricolae subigunt aratris multo ante quam serant'.	68		14	
SUBIGERE	S		et	M. Tullius	de Senectute	de Senectute	N/A	51	'sed etiam ipsius terrae vis ac natura delectat: quae cum gremio mollito et subacto sparsum semen excepit'.	107		14	
SUMMUM	S	proximum.	Cicero	Cicero	Tusculanarum	Tusculanarum	1	(lO	summam acuam attmgens enectiis siti»  Tantalus'.	48	9	6	Summum
SUMMUM	S		M. Tullius	M. Tullius	in Hortensio	Hortensius	N/A	79	Wixit ad summam senectutem optuma valitudine'.	46		6	
SPECTARE	S		M. Tullius	M. Tullius	de Officiis	de Officiis	3	90	'ad extremum,  si ad perniciem patriae res spectabit, patriae salutem anteponet saluti patris'.	95		12	
SPECTARE	S		M. Tullius	M. Tullius	in Hortensio	Hortensius	N/A	53	'caeli signorum admirabilem ordinem insatiabilemque pulcritudinem magis spectat'.	81		12	
SPECTARE	S	probare.	Cicero	Cicero	Tusculanarum	Tusculanarum	5	31	'non igitur ex singulis vocibus philosophi spectandi sunt'.	59	8	12	Explorare
SPECTARE	S		M. Tullius	M. Tullius	de Officiis	de Officiis	2	45	'qui simul ac iuvenis esse coeperunt, magna spectare atque ad ea rectis studiis debent contendere'.	99		12	
SUCCEDERE	S		M. Tullius	M. Tullius	de Officiis	de Officiis	3	76	^at qui quodam veneno perficiat ut veros heredes moveat^ in eorum locum ipse succedat?'	87		4	
SUBIRE	S	respondereresistere.	M. Tullius	M. Tullius	in Verrem, Divinatione	in Divinatione	N/A	46	^poterisne eius orationi subire?'	33	20	7	Subire
SCITVM	S		M. Tullius	M. Tullius	in Verrem, actione Siciliensi	in Verrem, actione Siciliensi	2.2	87	'ut etiam nos, qui rudes hanim rerum sumus, intellegere possimus, scite facta et venuste'.	90		2	
SUSTULIT	S	abstulit.	M. Tullius	M. Tullius	Philippicarum	Philippics	10	7	'eos, qui regni nomen sustulerint, deserendos putatis'.	55	9	2	Sustulit
TANDEM	T	significat vix; ut apud	Ciceronem	Cicero	(CatiL	in Catilinam	2	l	tandem aliquando, Quiiites'.	28	23	2	TANDEM
TOGA	T	dicta est a tegendo. et est toga, sicut in consuetudine habetui', vestimentum quo in foro amicimur, cuius et	Cicero	Cicero	in Catilinam	in Catilinam	2	22	meminit: Velis  amictos, non togis'.	36	108	2	TOGA
TOLLERE	T		M. Tullius	M. Tullius	Philippicarum	Philippics	11	24	Vel in caelum vos, si fieri poterit, umeris nostris tollemus'.	62		19	
TOLLERE	T		M. Tullius	M. Tullius	[in] Hortensio	Hortensius	N/A	62	'nihil tamen esse, in quo se animus excellens tolleret'.	56		19	
TOLLERE	T		M. Tullius	M. Tullius	in Verrem, Divinatione	in Divinatione	N/A	4	'^tuli graviter et acerbe, iudices'.	36		19	
TOLLERE	T		idem	M. Tullius	de Officiis	de Officiis	2	28	'nisi enim multorum inpunita scelera tulissem'.	47		19	
TEMPESTAS	T		M. Tullius	M. Tullius	de Senectute	de Senectute	N/A	33	'cursus estcertus aetatis et una via naturae eaque simplex; suaque cuique parti aetatis tempestivitas est data'.	112		6	
TANGERE	T		M. Tullius	M. Tullius	in Frumentaria Verrinarum	Frumentaria Verrinarum	2.3	65	'numquam tuum animum cura tuarum fortunarum cogitatioque tangeret'.	67		13	
TANGERE	T	contingere.	M. Tullius	M. Tullius	in Verrem actione II	Verr Act 2	1	27	'Verres simul ac tetigit provinciam'.	37	11	13	Tangere
TRISTE	T		M. Tullius	M. Tullius	in Hortensio	Hortensius	N/A	90	'aliud ex silvis severum  et triste'.	37		19	
TRISTE	T		M. Tullius	M. Tullius	de Officiis	de Officiis	1	108	'at in eius familiari Scipione ambitio maior, vita tristior'.	61		19	
TRISTE	T	grave.	M. Tullius	M. Tullius	de Republica	de Republica	6	2	'cui numero optumatum et principum optulit is vocis et gravitatis suae j* linquit illum tristem et plenum dignitatis sonum'.	124	6	19	Triste
TRISTE	T	difficile.	M. Tullius	M. Tullius	de Senectute	de Senectute	N/A	67	'facilius in morbos incidunt [adulescentes] , gravius    aegrotant, tiistius curantur'.	87	10	19	Triste
TRAHERE	T	est rursus levare.	M. Tullius	M. Tullius	de Deorum iSTatura	de Deorum Natura	2	25	'et recenti fossione terram fumare calentem atque etiam ex puteis iugibus aquam calidam trahi'.	95	18	5	TRAHERE
TENUE	T	tenerum.	M. Tullius	M. Tullius	in Verrem, de suppliciis	de suppliciis	N/A	(n, V, 27	* reticulumque sibi ad naris admovebat tenuissimo lino'.	56	8	7	Tenue
TENUE	T	parvum, exiguum.	M. Tullius	M. Tullius	in Hortensio	Hortensius	N/A	92	'eundem non mediocri pecunia, sed etiam tenui percipere  possumus'.	67	16	7	Tenue
TENET	T		M. Tullius	M. Tullius	in Verrem, Divinatione	in Divinatione	N/A	52	'non te, sed hunc librum esse responsurum, quem monitor tuus hic tenet'.	72		8	
TAETRUM	T	vitabile.	M. Tullius	M. Tullius	de Officiis	de Officiis	3	36	'postremo etiam in liberis civitatibus regnandi existunt  cupiditatis, quibus nihil nec taetrius nec foedius excogitari potest'.	128	9	7	Obscenum
TAETRUM	T		M. Tullius	M. Tullius	in Verrem actione II	Verr Act 2	N/A	(i,	62'quam multis istum ingenuis, quam multis matribus familias in illa taetra atque inpura legatione vim adtulisse existimatis?'	126		7	
TAETRUM	T	impium, crudele.	M. Tullius	M. Tullius	de Officiis	de Officiis	3	95	'promissum potius non faciundum quam taetrum facinus admittendum fuit'.	71	16	7	Taetrum
TUERI	T	dicitur servarecustodire.	M. Tullius	M. Tullius	Epistularum ad Caesarem	ad Caesarem	1	4	'ut sciret tuenda maiore cura esse quam parta sunt'.	52	25	4	TVERi
VASTUM	V	borrens et asperum.	Cicero	Cicero	de Oratore	de Oratore	N/A	115	'^ita vultu motuque corporis vasti et agrestes, ut, etiamsi ingeniis valeant atque arte, tamen in oratorum numerum venire non possint'.	135	19	4	Vastum
VASTUM	V	ferox.	Cicero	Cicero	Tusculanarum	Tusculanarum	5	77	'quae barbaria India vastior aut agrestior?'	44	6	4	Vastum
VANUM	V		M. Tullius	M. Tullius	de Officiis	de Officiis	1	150	'nihil enim proficiant, nisi admodum mentiantui'; nec vero est quicquam turpius vanitate'.	90		8	
VANUM	V		Cicero	Cicero	Tusculanarum	Tusculanarum	3	2	Hum ita variis inbuimur erroribus, ut vani tati veritas et opinioni confirmataenatura ipsa cedat'.	98		8	
VANUM	V		M. Tullius	M. Tullius	de Republica	de Republica	5	2	'[ut] nostra vero aetas cum rempublicam sicut picturam accepisset egregiam, sed iam evaniscentem vetustate'.	108		8	
VASTITAS	V		Cicero	Cicero	de Deorum Natura	de Deorum Natura	2	99	'qui quasi cultores terrae constituti non patiuntur eam nec inmanitate beluarum efferari nec stirpium asperitate vastari'.	122		4	
ULTIMUM	V		M. Tullius	M. Tullius	de Senectute	de Senectute	N/A	48	'magis delectatur qui in prima cavea spectat, delectatur tamen etiam qui in ultima'.	84		5	
ULTIMUM	V		M. Tullius	M. Tullius	de Officiis	de Officiis	1	56	'ecficiturque id, quod Pythagoras ultimum in amicitia putavit, ut unus fiat ex pluribus'.	89		5	
ULTIMUM	V		idem	M. Tullius	de Finibus Bonorum et Malorum	de Finibus Bonorum et Malorum	3	30	"""^eorum dico qui summum bonum, quod  ultimum appellavi, in animo ponerent'."	75		5	
URGUERE	V		M. Tullius	M. Tullius	in Hortensio	Hortensius	N/A	34	'itaque tunc Democriti manus urguebatur; est enim non magna'.	61		10	
VINDICARE	V	est malefactum defendere.	M. Tullius	M. Tullius	de Officiis	de Officiis	3	61	*atque iste dolus malus et legibus erat vindicatus'.	52	25	7	Vindicare
VINDICARE	V		Cicero	Cicero	Academicorum	Academicorum	3	15	"""^aliqua potestas sit, vindicet se in libertatem'."	50		7	
VINDICARE	V		M. Tullius	M. Tullius	de Senectute	de Senectute	N/A	55	'et senectus est natura loquacior, ne ab omnibus eam vitiis videar vindicare'.	78		7	
VINDICARE	V	revocare.	M. Tullius	M. Tullius	ad Caesarem iuniorem	ad Caesarem iuniorem	1	(fr. 14	'qui si nihil ad id beneficium adderes, quo per te me una cum republica in libertatem vindicassem'.	99	9	7	Referre
VINDICARE	V	adsciscit, ad se trahit.	M. Tullius	M. Tullius	in Hortensio	Hortensius	N/A	71	'deinde imitator, ut sibi quidem videtur, naturae mos vindicat'.	64	24	1	Vindicat
